contract_address,price
0x0000000000085d4780b73119b644ae5ecd22b376,0.99979
0x0202be363b8a4820f3f4de7faf5224ff05943ab1,0.297439
0x111111111117dc0aa78b770fa6a738034120c302,0.409101
0xb528edbef013aff855ac3c50b381f253af13b997,0.453887
0xa3d4bee77b05d4a0c943877558ce21a763c4fa29,0.030281
0xddf7fd345d54ff4b40079579d4c4670415dbfd0a,0.086359
0x27c70cd1946795b66be9d954418546998b546634,307.56
0x9d0b65a76274645b29e4cc41b8f23081fa09f4a3,0.047832
0xc55126051b22ebb829d00368f4b12bde432de5da,264.05
0x4f5fa8f2d12e5eb780f6082dd656c565c48e0f24,0.008784
0xc5bbae50781be1669306b9e001eff57a2957b09d,0.018137
0xf94e7d0710709388bce3161c32b4eea56d3f91cc,0.160308
0x6bba316c48b49bd1eac44573c5c871ff02958469,4.9e-07
0x9eec1a4814323a7396c938bc86aec46b97f1bd82,7.2e-07
0x968cbe62c830a0ccf4381614662398505657a2a9,0.025521
0xe1c7e30c42c24582888c758984f6e382096786bd,0.011165
0xf17a3fe536f8f7847f1385ec1bc967b2ca9cae8d,177.12
0xd2877702675e6ceb975b4a1dff9fb7baf4c91ea9,7.075e-05
0x8f3470a7388c05ee4e7af3d01d8c722b0ff52374,17
0x6602e9319f2c5ec0ba31ffcdc4301d7ef03b709e,0.005105
0xd5930c307d7395ff807f2921f12c5eb82131a789,0.006922
0x727f064a78dc734d33eec18d5370aef32ffd46e4,0.001154
0xe3818504c1b32bf1557b16c238b2e01fd3149c17,0.004351
0x80d55c03180349fff4a229102f62328220a96444,0.083614
0x888888888889c00c67689029d7856aac1065ec11,0.074389
0xb1f871ae9462f1b2c6826e88a7827e76f86751d4,0.011198
0x2de509bf0014ddf697b220be628213034d320ece,0.000405
0xd6327ce1fb9d6020e8c2c0e124a1ec23dcab7536,0.000168
0x30f7c830e0c2f4bec871df809d73e27ef19eb151,0.026683
0x2edf094db69d6dcd487f1b3db9febe2eec0dd4c5,0.013216
0xade00c28244d5ce17d72e40330b1c318cd12b7c3,0.157341
0x48c3399719b582dd63eb5aadf12a40b4c3f52fa2,0.025323
0xadd353fb2e2c563383ff3272a500f3e7134dafe4,0.048664
0xeb4c2781e4eba804ce9a9803c67d0893436bb27d,57928.79
0x5a98fcbea516cf06857215779fd812ca3bef1b32,1.59
0x14da230d6726c50f759bc1838717f8ce6373509c,0.0004
0x8a9c4dfe8b9d8962b31e4e16f8321c44d48e246e,0.00081
0xb0b195aefa3650a6908f15cdac7d92f8a5791b0b,1.000994
0x115ec79f1de567ec68b7ae7eda501b406626478e,0.002921
0x3506424f91fd33084466f402d5d97f05f8e3b4af,0.066482
0x0391d2021f89dc339f60fff84546ea23e337750f,1.48
0x9be89d2a4cd102d8fecc6bf9da793be995c22541,57472.98
0xc888a0ab4831a29e6ca432babf52e353d23db3c2,8.39e-06
0x02f92800f57bcd74066f5709f1daa1a4302df875,2.94
0xbea98c05eeae2f3bc8c3565db7551eb738c8ccab,0.048138
0x0f2d719407fdbeff09d87557abb7232601fd9f29,0.458307
0x8457ca5040ad67fdebbcc8edce889a335bc0fbfb,0.133509
0x6123b0049f904d730db3c36a31167d9d4121fa6b,0.450943
0x85eee30c52b0b379b046fb0f85f4f3dc3009afec,0.094611
0xd9a442856c234a39a81a089c06451ebaa4306a72,3023.98
0x9a642d6b3368ddc662ca244badf32cda716005bc,2.25
0x7ae1d57b58fa6411f32948314badd83583ee0e8c,0.00396
0x19062190b1925b5b6689d7073fdfc8c2976ef8cb,0.320505
0x2d94aa3e47d9d5024503ca8491fce9a2fb4da198,0.00101
0x900db999074d9277c5da2a43f252d74366230da0,0.007765
0xbd9908b0cdd50386f92efcc8e1d71766c2782df0,0.104114
0x1985365e9f78359a9b6ad760e32412f4a445e862,0.685909
0x9a96ec9b57fb64fbc60b423d1f4da7691bd35079,0.014722
0x70e8de73ce538da2beed35d14187f6959a8eca96,0.740983
0x163f8c2467924be0ae7b5347228cabf260318753,1.88
0x0000000000095413afc295d19edeb1ad7b71c952,0.910927
0xb1191f691a355b43542bea9b8847bc73e7abb137,0.001392
0xa8006c4ca56f24d6836727d106349320db7fef82,0.121508
0x6b4c7a5e3f0b99fcd83e9c089bddd6c7fce5c611,1.34
0x2559813bbb508c4c79e9ccce4703bcb1f149edd7,0.030272
0x89ab32156e46f46d02ade3fecbe5fc4243b9aaed,0.007355
0x5dcd6272c3cbb250823f0b7e6c618bce11b21f90,0.011283
0xfc05987bd2be489accf0f509e44b0145d68240f7,0.00027
0x2596825a84888e8f24b747df29e11b5dd03c81d7,0.004512
0x89d24a6b4ccb1b6faa2625fe562bdd9a23260359,16.11
0xeea9ae787f3a620072d13b2cdc8cabffb9c0ab96,0.244086
0x960b236a07cf122663c4303350609a66a7b288c0,7.75
0x4ceda7906a5ed2179785cd3a40a69ee8bc99c466,0.001034
0xa35923162c49cf95e6bf26623385eb431ad920d3,0.003934
0xc6bdb96e29c38dc43f014eed44de4106a6a8eb5f,0
0xd502f487e1841fdc805130e13eae80c61186bc98,0.004406
0x5d65d971895edc438f465c17db6992698a52318d,0.005184
0xd8912c10681d8b21fd3742244f44658dba12264e,3.07
0xd4fa1460f537bb9085d22c7bccb5dd450ef28e3a,0.028047
0x52a047ee205701895ee06a375492490ec9c597ce,0.018658
0x3cb48aeb3d1abadc23d2d8a6894b3a68338381c2,0.02407
0xa52bffad02b1fe3f86a543a4e81962d3b3bb01a7,0.002605
0x1f3f9d3068568f8040775be2e8c03c103c61f3af,0.113252
0x0ba45a8b5d5575935b8158a88c631e9f9c95a2e5,74.22
0xc55c2175e90a46602fd42e931f62b3acc1a013ca,0.0004
0xb8baa0e4287890a5f79863ab62b7f175cecbd433,0.014847
0x0e29e5abbb5fd88e28b2d355774e73bd47de3bcd,0.002741
0x55296f69f40ea6d20e478533c15a6b08b654e758,0.005699
0xe796d6ca1ceb1b022ece5296226bf784110031cd,0.0075
0x72630b1e3b42874bf335020ba0249e3e9e47bafc,0.001682
0xe76c6c83af64e4c60245d8c7de953df673a7a33d,0.728366
0xaa2ce7ae64066175e0b90497ce7d9c190c315db4,0.000203
0x485d17a6f1b8780392d53d64751824253011a260,19.35
0x7968bc6a03017ea2de509aaa816f163db0f35148,0.07381
0x9aab071b4129b083b01cb5a0cb513ce7eca26fa5,0.285068
0x2b89bf8ba858cd2fcee1fada378d5cd6936968be,0.381258
0x2ba592f78db6436527729929aaf6c908497cb200,43.79
0x519c1001d550c0a1dae7d1fc220f7d14c2a521bb,0.0008
0xd528cf2e081f72908e086f8800977df826b5a483,0.000948
0xe5caef4af8780e59df925470b050fb23c43ca68c,0.030163
0xdbddf072d7aae7b9288e31a4eebe6c54e3a143b1,0.005155
0x80a7e048f37a50500351c204cb407766fa3bae7f,0.041619
0x6b9f031d718dded0d681c20cb754f97b3bb81b78,0.069157
0xa16a609ff4e1a15b6ccb469e7a5dd14e89305283,0.000666
0x8287c7b963b405b7b8d467db9d79eec40625b13a,0.000482
0x70d2b7c19352bb76e4409858ff5746e500f2b67c,0.000263
0x3a856d4effa670c54585a5d523e96513e148e95d,5.36
0x0f7b3f5a8fed821c5eb60049538a548db2d479ce,1.66
0xdb0f18081b505a7de20b18ac41856bcb4ba86a1a,4.85
0xa44e5137293e855b1b7bc7e2c6f8cd796ffcb037,0.000894
0x4b1d0b9f081468d780ca1d5d79132b64301085d1,0.011212
0xa8b919680258d369114910511cc87595aec0be6d,2.2
0x71ab77b7dbb4fa7e017bc15090b2163221420282,1.53
0x96c645d3d3706f793ef52c19bbace441900ed47d,5.1
0x814e0908b12a99fecf5bc101bb5d0b8b5cdf7d26,0.04446
0xd714d91a169127e11d8fab3665d72e8b7ef9dbe2,0.001393
0x374cb8c27130e2c9e04f44303f3c8351b9de61c1,1.764e-05
0xd4c435f5b09f855c3317c8524cb1f586e42795fa,0.000495
0x269616d549d7e8eaa82dfb17028d0b212d11232a,79603.07
0xa71d0588eaf47f12b13cf8ec750430d21df04974,4e-08
0xddce093888c8dc636677cd29bc6c68d35cfdac33,0.001411
0x5faa989af96af85384b8a938c2ede4a7378d9875,2.38
0x45c2f8c9b4c0bdc76200448cc26c48ab6ffef83f,0.015489
0x056fd409e1d7a124bd7017459dfea2f387b6d5cd,1.000193
0x9f9c8ec3534c3ce16f928381372bfbfbfb9f4d24,0.065636
0x9af15d7b8776fa296019979e70a5be53c714a7ec,14.28
0x86772b1409b61c639eaac9ba0acfbb6e238e5f83,0.010655
0x1f9840a85d5af5bf1d1762f925bdaddc4201f984,8.11
0x55c08ca52497e2f1534b59e2917bf524d4765257,0.705949
0xdef1da03061ddd2a5ef6c59220c135dec623116d,0.000125
0xb2dbf14d0b47ed3ba02bdb7c954e05a72deb7544,0.002922
0xf66cd2f8755a21d3c8683a10269f795c0532dd58,1.046427
0xf3dcbc6d72a4e1892f7917b7c43b74131df8480e,0.133357
0x07150e919b4de5fd6a63de1f9384828396f25fdc,1.6
0xc0c293ce456ff0ed870add98a0828dd4d2903dbf,2.48
0x65a8fba02f641a13bb7b01d5e1129b0521004f52,0.003861
0x4ddc2d193948926d02f9b1fe9e1daa0718270ed5,60.21
0x4e3fbd56cd56c3e72c1403e103b45db9da5b9d2b,2.28
0xf3db5fa2c66b7af3eb0c0b782510816cbe4813b8,0.005208
0xc40f23a3e9613e012944f7957edce97899fa920d,0.000435
0x182f4c4c97cd1c24e1df8fc4c053e5c47bf53bef,0.005947
0xa58a4f5c4bb043d2cc1e170613b74e767c94189b,0.000886
0x6100dd79fcaa88420750dcee3f735d168abcb771,0.912558
0x44aad22afbb2606d7828ca1f8f9e5af00e779ae1,0
0x20c3fa331a385b63ee39137e99d0cf2db142fce1,1.1e-07
0x436da116249044e8b4464f0cf21dd93311d88190,0.001164
0xeb9951021698b42e4399f9cbb6267aa35f82d59d,0.016507
0x9f284e1337a815fe77d2ff4ae46544645b20c5ff,2.58
0x491e136ff7ff03e6ab097e54734697bb5802fc1c,0.04475
0x49e833337ece7afe375e44f4e3e8481029218e5c,0.025838
0x9813037ee2218799597d83d4a5b6f3b6778218d9,0.460329
0x2d886570a0da04885bfd6eb48ed8b8ff01a0eb7e,0.007082
0x38e68a37e401f7271568cecaac63c6b1e19130b4,42.97
0xb8c77482e45f1f44de1745f52c74426c631bdd52,517.32
0x47da5456bc2e1ce391b645ce80f2e97192e4976a,7.603e-05
0x973e52691176d36453868d9d86572788d27041a9,4.984e-05
0x220b71671b649c03714da9c621285943f3cbcdc6,1.55
0x7b4328c127b85369d9f82ca0503b000d09cf9180,0.000331
0x07bac35846e5ed502aa91adf6a9e7aa210f2dcbe,7.38e-06
0xed91879919b71bb6905f23af0a68d231ecf87b14,0.001272
0x667102bd3413bfeaa3dffb48fa8288819e480a88,9.58
0x474021845c4643113458ea4414bdb7fb74a01a77,0.017683
0x24edded3f03abb2e9d047464294133378bddb596,0.13255
0x64d91f12ece7362f91a6f8e7940cd55f05060b92,1.48
0x25e1474170c4c0aa64fa98123bdc8db49d7802fa,0.001318
0xba9d4199fab4f26efe3551d490e3821486f135ba,0.169529
0xc9fe6e1c76210be83dc1b5b20ec7fd010b0b1d15,0.000751
0xbe9375c6a420d2eeb258962efb95551a5b722803,0.005
0xc86d054809623432210c107af2e3f619dcfbf652,0.050324
0xc1f33e0cf7e40a67375007104b929e49a581bafe,1.165094
0xb4371da53140417cbb3362055374b10d97e420bb,0.003988
0x221657776846890989a759ba2973e427dff5c9bb,0.685909
0x69fa0fee221ad11012bab0fdb45d444d3d2ce71c,0.012058
0xc8807f0f5ba3fa45ffbdc66928d71c5289249014,0.001208
0x721a1b990699ee9d90b6327faad0a3e840ae8335,0.028778
0xcafe001067cdef266afb7eb5a286dcfd277f3de5,0.017895
0x1d287cc25dad7ccaf76a26bc660c5f7c8e2a05bd,1.19599
0x4bd70556ae3f8a6ec6c4080a0c327b24325438f3,0.023741
0x2c5bc2ba3614fd27fcc7022ea71d9172e2632c16,0
0xe41d2489571d322189246dafa5ebde1f4699f498,0.309633
0xf99d58e463a2e07e5692127302c20a191861b4d6,1.76
0x1dd80016e3d4ae146ee2ebb484e8edd92dacc4ce,3.28e-06
0xfa456cf55250a839088b27ee32a424d7dacb54ff,0.001513
0xba11d00c5f74255f56a5e366f4f77f5a186d7f55,1.047057
0x95392f142af1c12f6e39897ff9b09c599666b50c,0.016139
0xc57d533c50bc22247d49a368880fb49a1caa39f7,0.006455
0x60f63b76e2fc1649e57a3489162732a90acf59fe,3.01e-05
0xef3a930e1ffffacd2fc13434ac81bd278b0ecc8d,0.370836
0xa3ad8c7ab6b731045b5b16e3fdf77975c71abe79,0.000732
0x63b8b7d4a3efd0735c4bffbd95b332a55e4eb851,4.056e-05
0xba3335588d9403515223f109edc4eb7269a9ab5d,0.009269
0xd7efb00d12c2c13131fd319336fdf952525da2af,0.00085
0x5cf04716ba20127f1e2297addcf4b5035000c9eb,0.071534
0x4c11249814f11b9346808179cf06e71ac328c1b5,7.25
0x2f141ce366a2462f02cea3d12cf93e4dca49e4fd,1.9e-07
0xc719d010b63e5bbf2c0551872cd5316ed26acd83,0.013935
0x576e2bed8f7b46d34016198911cdf9886f78bea7,5.87
0x00a8b738e453ffd858a7edf03bccfe20412f0eb0,0.000121
0xc02aaa39b223fe8d0a0e5c4f27ead9083c756cc2,3066.82
0x38e382f74dfb84608f3c1f10187f6bef5951de93,0.031934
0xd81b71cbb89b2800cdb000aa277dc1491dc923c3,0.00427
0x6595b8fd9c920c81500dca94e53cdc712513fb1f,0.000435
0x69a95185ee2a045cdc4bcd1b1df10710395e4e23,0.021468
0x7d8d7c26179b7a6aebbf66a91c38ed92d5b4996b,0.018309
0x7dd9c5cba05e151c895fde1cf355c9a1d5da6429,0.317594
0x3f5dd1a1538a4f9f82e543098f01f22480b0a3a8,0.000257
0x558ec3152e2eb2174905cd19aea4e34a23de9ad6,0.005832
0xd13c7342e1ef687c5ad21b27c2b65d772cab5c8c,0.103649
0xc5102fe9359fd9a28f877a67e36b0f050d81a3cc,0.022439
0x5380442d3c4ec4f5777f551f5edd2fa0f691a27c,0.000823
0x40eb746dee876ac1e78697b7ca85142d178a1fc8,0.067976
0xc91a71a1ffa3d8b22ba615ba1b9c01b2bbbf55ad,0.00726
0xd075e95423c5c4ba1e122cae0f4cdfa19b82881b,308.81
0x5befbb272290dd5b8521d4a938f6c4757742c430,75.35
0x340d2bde5eb28c1eed91b2f790723e3b160613b7,0.0109
0x33349b282065b0284d756f0577fb39c158f935e6,11.8
0xaaee1a9723aadb7afa2810263653a34ba2c21c7a,1.5e-06
0x275f5ad03be0fa221b4c6649b8aee09a42d9412a,90.77
0xd417144312dbf50465b1c641d016962017ef6240,0.176567
0x72f020f8f3e8fd9382705723cd26380f8d0c66bb,0.006901
0xdb25f211ab05b1c97d595516f45794528a807ad8,1.08209
0xc770eefad204b5180df6a14ee197d99d808ee52d,0.048061
0x20a8cec5fffea65be7122bcab2ffe32ed4ebf03a,0.001375
0x8f693ca8d21b157107184d29d398a8d082b38b76,0.03772
0xd9016a907dc0ecfa3ca425ab20b6b785b42f2373,0.038796
0xe22910d04bdc9d55570f3bc52e786b49dddf37b4,0.045523
0x3fa729b4548becbad4eab6ef18413470e6d5324c,0.0934
0x9f52c8ecbee10e00d9faaac5ee9ba0ff6550f511,0.168765
0xc4de189abf94c57f396bd4c52ab13b954febefd8,0.028027
0x70401dfd142a16dc7031c56e862fc88cb9537ce0,12.83
0x8e0e57dcb1ce8d9091df38ec1bfc3b224529754a,7.25
0x8013266cb5c9dd48be3ad7d1ce832874d64b3ce1,0.043389
0x4daeb4a06f70f4b1a5c329115731fe4b89c0b227,0.001978
0xbc396689893d065f41bc2c6ecbee5e0085233447,0.601276
0x30f271c9e86d2b7d00a6376cd96a1cfbd5f0b9b3,0.005083
0x4c2e59d098df7b6cbae0848d66de2f8a4889b9c3,0.001071
0xa888d9616c2222788fa19f05f77221a290eef704,2.37e-05
0x990f341946a3fdb507ae7e52d17851b87168017c,2.47
0x3aada3e213abf8529606924d8d1c55cbdc70bf74,586.36
0x43d7e65b8ff49698d9550a7f315c87e67344fb59,0.000254
0xd98f75b1a3261dab9eed4956c93f33749027a964,0.002188
0xdd974d5c2e2928dea5f71b9825b8b646686bd200,0.494241
0xa3bed4e1c75d00fa6f4e5e6922db7261b5e9acd2,0.03144
0x20945ca1df56d237fd40036d47e866c7dccd2114,0.003992
0x93ed3fbe21207ec2e8f2d3c3de6e058cb73bc04d,0.024128
0xd779eea9936b4e323cddff2529eb6f13d0a4d66e,0.006202
0x5e8422345238f34275888049021821e8e08caa1f,3067.66
0xfc979087305a826c2b2a0056cfaba50aad3e6439,0.002029
0xef9cd7882c067686691b6ff49e650b43afbbcc6b,5.32e-05
0x4463e6a3ded0dbe3f6e15bc8420dfc55e5fea830,0.010998
0x0fd67b4ceb9b607ef206904ec73459c4880132c9,0.002138
0x037a54aab062628c9bbae1fdb1583c195585fe41,0.159287
0xd794dd1cada4cf79c9eebaab8327a1b0507ef7d4,0.012704
0x9b00e6e8d787b13756eb919786c9745054db64f9,0.020023
0x09a3ecafa817268f77be1283176b946c4ff2e608,0.021239
0xb9d7dddca9a4ac480991865efef82e01273f79c3,1.27
0x43ab765ee05075d78ad8aa79dcb1978ca3079258,0.186006
0x1c4853ec0d55e420002c5efabc7ed8e0ba7a4121,0.00119
0xec213f83defb583af3a000b1c0ada660b1902a0f,0.011055
0x3496b523e5c00a4b4150d6721320cddb234c3079,0.045101
0xe0b9a2c3e9f40cf74b2c7f591b2b0cca055c3112,0.007092
0x5555f75e3d5278082200fb451d1b6ba946d8e13b,0.006092
0x3597bfd533a99c9aa083587b074434e61eb0a258,0.000835
0x8eef5a82e6aa222a60f009ac18c24ee12dbf4b41,0.002956
0xa41d2f8ee4f47d3b860a149765a7df8c3287b7f0,0.000218
0x09617f6fd6cf8a71278ec86e23bbab29c04353a7,0.185468
0x16eccfdbb4ee1a85a33f3a9b21175cd7ae753db4,2.61
0x505a84a03e382331a1be487b632cf357748b65d6,0
0xfe3e6a25e6b192a42a44ecddcd13796471735acf,0.001261
0xb14ebf566511b9e6002bb286016ab2497b9b9c9d,0.032754
0x4abb9cc67bd3da9eb966d1159a71a0e68bd15432,0.006524
0xf34960d9d60be18cc1d5afc1a6f012a723a28811,9.07
0x875773784af8135ea0ef43b5a374aad105c5d39e,0.204634
0x6c3f90f043a72fa612cbac8115ee7e52bde6e490,1.033819
0x56694577564fdd577a0abb20fe95c1e2756c2a11,7.45e-06
0xb0ed33f79d89541dfdcb04a8f04bc2c6be025ecc,0.138292
0x67f4c72a50f8df6487720261e188f2abe83f57d7,0.048047
0x2653891204f463fb2a2f4f412564b19e955166ae,0.066953
0x612e1726435fe38dd49a0b35b4065b56f49c8f11,1.34
0x2c2f7e7c5604d162d75641256b80f1bf6f4dc796,0.001999
0x5ca135cb8527d76e932f34b5145575f9d8cbe08e,1.128268
0xfac0403a24229d7e2edd994d50f5940624cbeac2,0.020618
0x58f9102bf53cf186682bd9a281d3cd3c616eec41,0.003031
0x06b884e60794ce02aafab13791b59a2e6a07442f,8.221e-05
0x97872eafd79940c7b24f7bcc1eadb1457347adc9,0.708796
0x90de74265a416e1393a450752175aed98fe11517,6.44
0xb50721bcf8d664c30412cfbc6cf7a15145234ad1,0.699527
0x06a01a4d579479dd5d884ebf61a31727a3d8d442,0.020389
0xc011a73ee8576fb46f5e1c5751ca3b9fe0af2a6f,1.65
0xbed4ab0019ff361d83ddeb74883dac8a70f5ea1e,0.006443
0x24ec2ca132abf8f6f8a6e24a1b97943e31f256a7,0.002648
0x7240ac91f01233baaf8b064248e80feaa5912ba3,0.441524
0x362bc847a3a9637d3af6624eec853618a43ed7d2,0.07021
0x9992ec3cf6a55b00978cddf2b27bc6882d88d1ec,0.065885
0x8390a1da07e376ef7add4be859ba74fb83aa02d5,0.007362
0xcf0c122c6b73ff809c693db761e7baebe62b6a2e,0.000145
0xa35b1b31ce002fbf2058d22f30f95d405200a15b,3160.66
0xfb782396c9b20e564a64896181c7ac8d8979d5f4,0.011201
0xa0246c9032bc3a600820415ae600c6388619a14d,41.24
0xfca89d55a768375ab7ca04485a35a964bea828dd,0.067067
0xbcd4b7de6fde81025f74426d43165a5b0d790fdd,2.303e-05
0x8cb1d155a5a1d5d667611b7710920fd9d1cd727f,1.137e-05
0x0e2ef8aecb3c01ad5d596f1b67134e178199984d,2.51
0x01ba67aac7f75f647d94220cc98fb30fcc5105bf,0.000861
0xbbbbca6a901c926f240b89eacb641d8aec7aeafd,0.145902
0x24e3794605c84e580eea4972738d633e8a7127c8,0.027607
0x6c6ee5e31d828de241282b9606c8e98ea48526e2,0.001593
0xb753428af26e81097e7fd17f40c88aaa3e04902c,21.01
0x4d224452801aced8b2f0aebe155379bb5d594381,0.720099
0x87de305311d5788e8da38d19bb427645b09cb4e5,29.35
0xf921ae2dac5fa128dc0f6168bf153ea0943d2d43,0.000631
0x817bbdbc3e8a1204f3691d14bb44992841e3db35,0.01054
0x1494ca1f11d487c2bbe4543e90080aeba4ba3c2b,84.57
0x43dfc4159d86f3a37a5a4b3d4580b888ad7d4ddd,0.111948
0x2c4e8f2d746113d0696ce89b35f0d8bf88e0aeca,0.000268
0xa9e8acf069c58aec8825542845fd754e41a9489a,2.62
0x226bb599a12c826476e3a771454697ea52e9e220,1.24
0x7b0c06043468469967dba22d1af33d77d44056c8,0.676509
0xdebe620609674f21b1089042527f420372ea98a5,0.035898
0x1e4ede388cbc9f4b5c79681b7f94d36a11abebc9,0.006388
0x96e61422b6a9ba0e068b6c5add4ffabc6a4aae27,0.947611
0xc813ea5e3b48bebeedb796ab42a30c5599b01740,0.001374
0x4cf89ca06ad997bc732dc876ed2a7f26a9e7f361,0.163635
0xf1b99e3e573a1a9c5e6b2ce818b617f0e664e86b,156.81
0xf3ae5d769e153ef72b4e3591ac004e89f48107a1,0.003256
0xdab396ccf3d84cf2d07c4454e10c8a6f5b008d2b,2.24
0x5f944b0c4315cb7c3a846b025ab4045da44abf6c,6e-08
0x515d7e9d75e2b76db60f8a051cd890eba23286bc,0.037306
0xc502002aeb1b9309fccb016adf50507987fc6c2b,0.794928
0xbb556b0ee2cbd89ed95ddea881477723a3aa8f8b,0.016375
0xcae72a7a0fd9046cf6b165ca54c9e3a3872109e0,0.000134
0x18084fba666a33d37592fa2633fd49a74dd93a88,57562.7
0x9355372396e3f6daf13359b7b607a3374cc638e0,0.51586
0xa974c709cfb4566686553a20790685a47aceaa33,159.22
0x53bd789f2cdb846b227d8ffc7b46ed4263231fdf,0.001191
0xb1e93236ab6073fdac58ada5564897177d4bcc43,1.732e-05
0xe0a189c975e4928222978a74517442239a0b86ff,0.001138
0x96add417293a49e80f024734e96cfd8b355bcc14,0.041532
0x1a4b46696b2bb4794eb3d4c26f1c55f9170fa4c5,0.67493
0xeabb8996ea1662cad2f7fb715127852cd3262ae9,0.050374
0x4fabb145d64652a948d72533023f6e7a623c7c53,0.999711
0x177d39ac676ed1c67a2b268ad7f1e58826e5b0af,0.266813
0x7fbec0bb6a7152e77c30d005b5d49cbc08a602c3,0.033652
0xdd1ad9a21ce722c151a836373babe42c868ce9a4,0.000313
0xc6dddb5bc6e61e0841c54f3e723ae1f3a807260b,3.19
0xb1f66997a5760428d3a87d68b90bfe0ae64121cc,0.000343
0x5f98805a4e8be255a32880fdec7f6728c6568ba0,0.99837
0x7866e48c74cbfb8183cd1a929cd9b95a7a5cb4f4,0.363174
0x470c8950c0c3aa4b09654bc73b004615119a44b5,1e-08
0xb7cb1c96db6b22b0d3d9536e0108d062bd488f74,0.007428
0x1de5e000c41c8d35b9f1f4985c23988f05831057,3.442e-05
0x72e4f9f808c49a2a61de9c5896298920dc4eeea9,0.110219
0xa3ee21c306a700e682abcdfe9baa6a08f3820419,0.469903
0x853d955acef822db058eb8505911ed77f175b99e,0.997853
0xa487bf43cf3b10dffc97a9a744cbb7036965d3b9,0.020705
0x644192291cc835a93d6330b24ea5f5fedd0eef9e,0.072361
0xcb8d1260f9c92a3a545d409466280ffdd7af7042,0.008254
0x0cba60ca5ef4d42f92a5070a8fedd13be93e2861,0.000251
0xeaa63125dd63f10874f99cdbbb18410e7fc79dd3,0.007429
0xdefa4e8a7bcba345f687a2f1456f5edd9ce97202,0.494241
0x60e254e35dd712394b3aba7a1d19114732e143dd,0.004226
0xc133529e57681b2999708f9458be5634e293995e,0.02899
0xb4d930279552397bba2ee473229f89ec245bc365,0.962976
0xbd1848e1491d4308ad18287a745dd4db2a4bd55b,0.002629
0xea26c4ac16d4a5a106820bc8aee85fd0b7b2b664,0.007036
0x64aa3364f17a4d01c6f1751fd97c2bd3d7e7f1d5,12.27
0xa74476443119a942de498590fe1f2454d7d4ac0d,0.317594
0x57e114b691db790c35207b2e685d4a43181e6061,0.412052
0xf8e386eda857484f5a12e4b5daa9984e06e73705,0.002183
0xaf5191b0de278c7286d6c7cc6ab6bb8a73ba2cd6,0.381431
0x77777feddddffc19ff86db637967013e6c6a116c,2.37
0xff44b937788215eca197baaf9af69dbdc214aa04,0.015729
0xa31b1767e09f842ecfd4bc471fe44f830e3891aa,0.000516
0x3330bfb7332ca23cd071631837dc289b09c33333,0.018831
0x78132543d8e20d2417d8a07d9ae199d458a0d581,0
0x471d113059324321749e097705197a2b44a070fc,1.76
0x5d3a536e4d6dbd6114cc1ead35777bab948e3643,0.023272
0x8e0fe2947752be0d5acf73aae77362daf79cb379,0.005516
0x6c3ea9036406852006290770bedfcaba0e23a0e8,0.998595
0xd291e7a03283640fdc51b121ac401383a46cc623,0.206819
0x20a68f9e34076b2dc15ce726d7eebb83b694702d,0.026865
0x3af33bef05c2dcb3c7288b77fe1c8d2aeba4d789,0.020113
0xd9ec3ff1f8be459bb9369b4e79e9ebcf7141c093,0.002956
0x6368e1e18c4c419ddfc608a0bed1ccb87b9250fc,0.001507
0x6dc02164d75651758ac74435806093e421b64605,0.056761
0xb62132e35a6c13ee1ee0f84dc5d40bad8d815206,1.061501
0x1416946162b1c2c871a73b07e932d2fb6c932069,0.109882
0x45804880de22913dafe09f4980848ece6ecbaf78,2343.55
0xd478161c952357f05f0292b56012cd8457f1cfbf,0.018478
0x8eedefe828a0f16c8fc80e46a87bc0f1de2d960c,0.002886
0x24e89bdf2f65326b94e36978a7edeac63623dafa,6e-07
0xf34b1db61aca1a371fe97bad2606c9f534fb9d7d,0.00031
0xdd2a36ae937bc134ea694d77fc7e2e36f5d86de0,0.004966
0x6e1a19f235be7ed8e3369ef73b196c07257494de,61.84
0x6524b87960c2d573ae514fd4181777e7842435d4,0.07241
0xa8b12cc90abf65191532a12bb5394a714a46d358,1.27
0x6399c842dd2be3de30bf99bc7d1bbf6fa3650e70,0.21394
0x1bbe973bef3a977fc51cbed703e8ffdefe001fed,0.386705
0x9eb6be354d88fd88795a04de899a57a77c545590,0.02189
0x048fe49be32adfc9ed68c37d32b5ec9df17b3603,0.000128
0x73374ea518de7addd4c2b624c0e8b113955ee041,0.01555
0x1e0b2992079b620aa13a7c2e7c88d2e1e18e46e9,0.01539
0x7f39c581f595b53c5cb19bd0b3f8da6c935e2ca0,3594.49
0x25f8087ead173b73d6e8b84329989a8eea16cf73,0.436193
0x30dcba0405004cf124045793e1933c798af9e66a,0.001027
0x7fc66500c84a76ad7e9c93437bfc5ac33e2ddae9,85
0x011e128ec62840186f4a07e85e3ace28858c5606,0.234345
0x24a6a37576377f63f194caa5f518a60f45b42921,0.68279
0xdfdb7f72c1f195c5951a234e8db9806eb0635346,0.000118
0x8fc8f8269ebca376d046ce292dc7eac40c8d358a,0.030681
0x4da0c48376c277cdbd7fc6fdc6936dee3e4adf75,0.00669
0xde4ee8057785a7e8e800db58f9784845a5c2cbd6,9.82
0xf59ae934f6fe444afc309586cc60a84a0f89aaea,0.229826
0xc382e04099a435439725bb40647e2b32dc136806,0
0xa02120696c7b8fe16c09c749e4598819b2b0e915,0.006254
0x9ab165d795019b6d8b3e971dda91071421305e5a,6.148e-05
0x818fc6c2ec5986bc6e2cbf00939d90556ab12ce5,1.231e-05
0xfe5f141bf94fe84bc28ded0ab966c16b17490657,0.000264
0x509a38b7a1cc0dcd83aa9d06214663d9ec7c7f4a,0.32721
0x148af0cada405380e8e3b2f694a6a7de848759b0,0.024139
0xffffffff2ba8f66d4e51811c5190992176930278,0.009219
0x71dc40668682a124231301414167e4cf7f55383c,0.001768
0x9e32b13ce7f2e80a01932b42553652e053d6ed8e,39.54
0x7c68e725b0b2ffcba8947fded4198c3d1db041e6,7.6e-07
0xcd2828fc4d8e8a0ede91bb38cf64b1a81de65bf6,0.008483
0xb91318f35bdb262e9423bc7c7c2a3a93dd93c92c,0.303594
0xc2544a32872a91f4a553b404c6950e89de901fdb,0.626098
0xab846fb6c81370327e784ae7cbb6d6a6af6ff4bf,0.094879
0x9d409a0a012cfba9b15f6d4b36ac57a46966ab9a,1.085921
0x0c48250eb1f29491f1efbeec0261eb556f0973c7,1.098512
0x6a4c76874e686a7d080d173987a35a9c48905583,0.008073
0x2da719db753dfa10a62e140f436e1d67f2ddb0d6,0.003437
0x73d7c860998ca3c01ce8c808f5577d94d545d1b4,0.474225
0xef53462838000184f35f7d991452e5f25110b207,0.003543
0xd71ecff9342a5ced620049e616c5035f1db98620,1.070234
0x2260fac5e5542a773aa44fbcfedf7c193bc2c599,57821.74
0x9c2dc0c3cc2badde84b0025cf4df1c5af288d835,0.000804
0x069d89974f4edabde69450f9cf5cf7d8cbd2568d,0.621014
0x6ec8a24cabdc339a06a172f8223ea557055adaa5,0.000487
0xdf801468a808a32656d2ed2d2d80b72a129739f4,0.627573
0x68037790a0229e9ce6eaa8a99ea92964106c4703,1.018003
0x7a58c0be72be218b41c608b7fe7c5bb630736c71,0.057126
0x4639cd8cd52ec1cf2e496a606ce28d8afb1c792f,0.034655
0x26e75307fc0c021472feb8f727839531f112f317,0.004484
0x310c8f00b9de3c31ab95ea68feb6c877538f7947,0.096947
0xb4a3b0faf0ab53df58001804dda5bfc6a3d59008,0.006708
0xaa99199d1e9644b588796f3215089878440d58e0,0.008013
0xabe580e7ee158da464b51ee1a83ac0289622e6be,0.463202
0x7de91b204c1c737bcee6f000aaa6569cf7061cb7,3.63
0x0b63128c40737b13647552e0c926bcfeccc35f93,0.00216
0x24da31e7bb182cb2cabfef1d88db19c2ae1f5572,0
0xae697f994fc5ebc000f8e22ebffee04612f98a0d,9.5e-07
0x8b3870df408ff4d7c3a26df852d41034eda11d81,0.01632
0x6f40d4a6237c257fff2db00fa0510deeecd303eb,1.65
0xbe00734799a67a62af2819825580318ac1b1e4ec,1.07e-06
0x1258d60b224c0c5cd888d37bbf31aa5fcfb7e870,0.545589
0xf8c3527cc04340b208c854e985240c02f7b7793f,0.808904
0xd9fcd98c322942075a5c3860693e9f4f03aae07b,4.26
0xcccd1ba9f7acd6117834e0d28f25645decb1736a,0.093325
0x4e15361fd6b4bb609fa63c81a2be19d873717870,0.450802
0xbc4171f45ef0ef66e76f979df021a34b46dcc81d,0.107251
0xfbeea1c75e4c4465cb2fccc9c6d6afe984558e20,0.00524
0x4521c9ad6a3d4230803ab752ed238be11f8b342f,1.2e-06
0x3ba925fdeae6b46d0bb4d424d829982cb2f7309e,0.025363
0x6de037ef9ad2725eb40118bb1702ebb27e4aeb24,6.42
0x741b0428efdf4372a8df6fb54b018db5e5ab7710,0.060351
0x7825e833d495f3d1c28872415a4aee339d26ac88,0.221083
0x0b38210ea11411557c13457d4da7dc6ea731b88a,1.8
0x188e817b02e635d482ae4d81e25dda98a97c4a42,0.000805
0xcf3c8be2e2c42331da80ef210e9b1b307c03d36a,0.000545
0x18aaa7115705e8be94bffebde57af9bfc265b998,0.129876
0x42bbfa2e77757c645eeaad1655e0911a7553efbc,0.240694
0x5732046a883704404f284ce41ffadd5b007fd668,0.173616
0xd533a949740bb3306d119cc777fa900ba034cd52,0.286157
0x53c8395465a84955c95159814461466053dedede,0.097994
0xb63b606ac810a52cca15e44bb630fd42d8d1d83d,1.39
0x6a6aa13393b7d1100c00a57c76c39e8b6c835041,0.005085
0xad22f63404f7305e4713ccbd4f296f34770513f4,0.086634
0xb4b9dc1c77bdbb135ea907fd5a08094d98883a35,0.005548
0xdac17f958d2ee523a2206206994597c13d831ec7,1.000561
0x4691937a7508860f876c9c0a2a617e7d9e945d4b,0.182451
0x1a7e4e63778b4f12a199c062f3efdd288afcbce8,1.083701
0xe57402125e1fae01abb1d30d1efbec68a7ee5bd1,0.000125
0x0954906da0bf32d5479e25f46056d22f08464cab,2.97
0xc6e145421fd494b26dcf2bfeb1b02b7c5721978f,0.000231
0xff75ced57419bcaebe5f05254983b013b0646ef5,0.000153
0x9e976f211daea0d652912ab99b0dc21a7fd728e4,0.008398
0x9b99cca871be05119b2012fd4474731dd653febe,0.032408
0xe7f58a92476056627f9fdb92286778abd83b285f,0.024742
0x970b9bb2c0444f5e81e9d0efb84c8ccdcdcaf84d,0.03575
0x21381e026ad6d8266244f2a583b35f9e4413fa2a,0.00021
0x469eda64aed3a3ad6f868c44564291aa415cb1d9,0.06284
0x431ad2ff6a9c365805ebad47ee021148d6f7dbe0,0.028494
0x9fc8f0ca1668e87294941b7f627e9c15ea06b459,0.018086
0x9c354503c38481a7a7a51629142963f98ecc12d0,0.007971
0x21413c119b0c11c5d96ae1bd328917bc5c8ed67e,0.028832
0x15b543e986b8c34074dfc9901136d9355a537e7e,0.005707
0xa1d6df714f91debf4e0802a542e13067f31b8262,0.00335
0x2ef52ed7de8c5ce03a4ef0efbe9b7450f2d7edc9,3.8e-05
0x8400d94a5cb0fa0d041a3788e395285d61c9ee5e,0.041143
0x2602278ee1882889b946eb11dc0e810075650983,1.321e-05
0xf57e7e7c23978c3caec3c3548e3d615c346e79ff,1.27
0x2b591e99afe9f32eaa6214f7b7629768c40eeb39,0.001294
0x949d48eca67b17269629c7194f4b727d4ef9e5d6,1.45
0x826180541412d574cf1336d22c0c0a287822678a,1.34
0x2781246fe707bb15cee3e5ea354e2154a2877b16,0.004857
0x49642110b712c1fd7261bc074105e9e44676c68f,0.01174
0x284b59cf2539544559c6efa11e2795e06d535345,0.000438
0x8e870d67f660d95d5be530380d0ec0bd388289e1,1.001561
0x856c4efb76c1d1ae02e20ceb03a2a6a08b0b8dc3,3053.28
0xb70835d7822ebb9426b56543e391846c107bd32c,0.000525
0xaac41ec512808d64625576eddd580e7ea40ef8b2,0.473542
0xe3c408bd53c31c085a1746af401a4042954ff740,0.138828
0x41045282901e90bda7578d628e479e5421d1cdd5,0.000738
0xcda4e840411c00a614ad9205caec807c7458a0e3,0.046656
0x0488401c3f535193fa8df029d9ffe615a06e74e6,9.472e-05
0xe632ea2ef2cfd8fc4a2731c76f99078aef6a4b31,0.128018
0x6fb3e0a217407efff7ca062d46c26e5d60a14d69,0.037126
0xba386a4ca26b85fd057ab1ef86e3dc7bdeb5ce70,9e-08
0xe9f84de264e91529af07fa2c746e934397810334,418.26
0xb17548c7b510427baac4e267bea62e800b247173,0.345564
0x773258b03c730f84af10dfcb1bfaa7487558b8ac,0.000425
0xf5d669627376ebd411e34b98f19c868c8aba5ada,5.33
0x3472a5a71965499acd81997a54bba8d852c6e53d,2.76
0xc36b4311b21fc0c2ead46f1ea6ce97c9c4d98d3d,0.000999
0xc80c5e40220172b36adee2c951f26f2a577810c5,0.130256
0x580c8520deda0a441522aeae0f9f7a5f29629afa,0.000584
0x5bb29c33c4a3c29f56f8aca40b4db91d8a5fe2c5,1.45
0x8ed97a637a790be1feff5e888d43629dc05408f6,0.015897
0xa693b19d2931d498c5b318df961919bb4aee87a5,0.014853
0xf4dc48d260c93ad6a96c5ce563e70ca578987c74,0.478226
0x2e1e15c44ffe4df6a0cb7371cd00d5028e571d14,2.06
0x2c537e5624e4af88a7ae4060c022609376c8d0eb,0.030511
0x95b3497bbcccc46a8f45f5cf54b0878b39f8d96c,0.830639
0x9d65ff81a3c488d585bbfb0bfe3c7707c7917f54,32.22
0x4740735aa98dc8aa232bd049f8f0210458e7fca3,0.014307
0xb6ca7399b4f9ca56fc27cbff44f4d2e4eef1fc81,9.3
0x4d953cf077c0c95ba090226e59a18fcf97db44ec,0.008696
0x1f573d6fb3f13d689ff844b4ce37794d79a7ff1c,0.557445
0x0fd10b9899882a6f2fcb5c371e17e70fdee00c38,0.359302
0x83e9f223e1edb3486f876ee888d76bfba26c475a,0.002666
0xe07f9d810a48ab5c3c914ba3ca53af14e4491e8a,1.00062
0xaea46a60368a7bd060eec7df8cba43b7ef41ad85,1.19599
0xd567b5f02b9073ad3a982a099a23bf019ff11d1c,0.095833
0xdbdb4d16eda451d0503b854cf79d55697f90c8df,15.62
0x823556202e86763853b40e9cde725f412e294689,0.013631
0xce20bb92ccf9bbf5091ef85649e71e552819ad8c,0.001383
0xbdab72602e9ad40fc6a6852caf43258113b8f7a5,0.593326
0xcc8fa225d80b9c7d42f96e9570156c65d6caaa25,0.002535
0xd13cfd3133239a3c73a9e535a5c4dadee36b395c,0.093221
0x5f0bc16d50f72d10b719dbf6845de2e599eb5624,0.005015
0x954b890704693af242613edef1b603825afcd708,0.000504
0x1614f18fc94f47967a3fbe5ffcd46d4e7da3d787,0.062286
0x3429d03c6f7521aec737a0bbf2e5ddcef2c3ae31,0.193313
0x340ef83ec8560892168d4062720f030460468656,0
0xea11755ae41d889ceec39a63e6ff75a02bc1c00d,0.153182
0xfd09911130e6930bf87f2b0554c44f400bd80d3e,0.172128
0x1cbb83ebcd552d5ebf8131ef8c9cd9d9bab342bc,0.569028
0x8cb924583681cbfe487a62140a994a49f833c244,0.000624
0x6f222e04f6c53cc688ffb0abe7206aac66a8ff98,2.367e-05
0x5ca381bbfb58f0092df149bd3d243b08b9a8386e,0.009482
0x852e5427c86a3b46dd25e5fe027bb15f53c4bcb8,0.003084
0x4c3bae16c79c30eeb1004fb03c878d89695e3a99,0.004206
0xb9ef770b6a5e12e45983c5d80545258aa38f3b78,0.076045
0x0e8d6b471e332f140e7d9dbb99e5e3822f728da6,0.008069
0xb9eefc4b0d472a44be93970254df4f4016569d27,0.000317
0xccccb68e1a848cbdb5b60a974e07aae143ed40c3,0.021869
0x5eeaa2dcb23056f4e8654a349e57ebe5e76b5e6e,0.010801
0xb9d99c33ea2d86ec5ec6b8a4dd816ebba64404af,0.07968
0x42476f744292107e34519f9c357927074ea3f75d,0.050919
0x80fb784b7ed66730e8b1dbd9820afd29931aab03,0.831002
0x6c936d4ae98e6d2172db18c16c4b601c99918ee6,8.713e-05
0x04abeda201850ac0124161f037efd70c74ddc74c,0.001642
0x03042482d64577a7bdb282260e2ea4c8a89c064b,2.781e-05
0xedaa2fa0fd153b78efde805b0a46225bb95e3ca1,0.00058
0xb2a63a5dd36c91ec2da59b188ff047f66fac122a,0.005587
0x5218e472cfcfe0b64a064f055b43b4cdc9efd3a6,0.001299
0x69bbc3f8787d573f1bbdd0a5f40c7ba0aee9bcc9,0.035321
0x74232704659ef37c08995e386a2e26cc27a8d7b1,5.76
0xde7d85157d9714eadf595045cc12ca4a5f3e2adb,0.042733
0x467bccd9d29f223bce8043b84e8c8b282827790f,0.001933
0xcc4304a31d09258b0029ea7fe63d032f52e44efe,0.125959
0x38c2a4a7330b22788374b8ff70bba513c8d848ca,0.188277
0x36ed7baad9a571b5dad55d096c0ed902188d6d3c,1.549e-05
0x4a8f5f96d5436e43112c2fbc6a9f70da9e4e16d4,0.121508
0x289ff00235d2b98b0145ff5d4435d3e92f9540a6,0.012389
0x396ec402b42066864c406d1ac3bc86b575003ed8,0.022134
0xd6929179d752d5d25c5efe2d9729eb77d7138a80,2.013e-05
0x89bd2e7e388fab44ae88bef4e1ad12b4f1e0911c,0.005036
0x4fe83213d56308330ec302a8bd641f1d0113a4cc,0.06502
0x94804dc4948184ffd7355f62ccbb221c9765886f,0.000339
0xd5d86fc8d5c0ea1ac1ac5dfab6e529c9967a45e9,0.022015
0x6149c26cd2f7b5ccdb32029af817123f6e37df5b,0.087999
0x4161725d019690a3e0de50f6be67b07a86a9fae1,0.005938
0xf293d23bf2cdc05411ca0eddd588eb1977e8dcd4,0.00114
0x947aeb02304391f8fbe5b25d7d98d649b57b1788,0.003509
0xec67005c4e498ec7f55e092bd1d35cbc47c91892,20.19
0xbd3de9a069648c84d27d74d701c9fa3253098b15,0.005442
0x155ff1a85f440ee0a382ea949f24ce4e0b751c65,0.057949
0x1495bc9e44af1f8bcb62278d2bec4540cf0c05ea,0.203813
0x8ae4bf2c33a8e667de34b54938b0ccd03eb8cc06,0.002054
0x7f0c8b125040f707441cad9e5ed8a8408673b455,2.12
0x8c6bf16c273636523c29db7db04396143770f6a0,2.01e-06
0x6bc08509b36a98e829dffad49fde5e412645d0a3,0.000213
0x27702a26126e0b3702af63ee09ac4d1a084ef628,0.194811
0xdc9ac3c20d1ed0b540df9b1fedc10039df13f99c,0.04911
0xf5b5efc906513b4344ebabcf47a04901f99f09f3,1.107e-05
0xfac77a24e52b463ba9857d6b758ba41ae20e31ff,0.003573
0xf406f7a9046793267bc276908778b29563323996,0.296244
0xfef4185594457050cc9c23980d301908fe057bb1,0.020793
0x445f51299ef3307dbd75036dd896565f5b4bf7a5,0.020793
0xb90b2a35c65dbc466b04240097ca756ad2005295,1.49e-06
0x4575f41308ec1483f3d399aa9a2826d74da13deb,0.066309
0xea7cc765ebc94c4805e3bff28d7e4ae48d06468a,0.011439
0x83e2be8d114f9661221384b3a50d24b96a5653f5,8.743e-05
0x8a0cdfab62ed35b836dc0633482798421c81b3ec,0.003674
0xb4efd85c19999d84251304bda99e90b92300bd93,14.4
0xb6c4267c4877bb0d6b1685cfd85b0fbe82f105ec,0.006642
0x249ca82617ec3dfb2589c4c17ab7ec9765350a18,0.000171
0x87d73e916d7057945c9bcd8cdd94e42a6f47f776,24.56
0x88acdd2a6425c3faae4bc9650fd7e27e0bebb7ab,0.824726
0x94e496474f1725f1c1824cb5bdb92d7691a4f03a,0.612423
0x26a604dffe3ddab3bee816097f81d3c4a2a4cf97,0.000188
0xa91ac63d040deb1b7a5e4d4134ad23eb0ba07e14,0.497752
0x60be1e1fe41c1370adaf5d8e66f07cf1c2df2268,0.263673
0x7778360f035c589fce2f4ea5786cbd8b36e5396b,0.008713
0x6fe56c0bcdd471359019fcbc48863d6c3e9d4f41,0.059346
0x0001a500a6b18995b03f44bb040a5ffc28e45cb0,1.179093
0xe4f6d46c244bb7cf3e218cdfb5c35cf9a4d9c920,0.001996
0x5a3e6a77ba2f983ec0d371ea3b475f8bc0811ad5,0.144636
0xa117000000f279d81a1d3cc75430faa017fa5a2e,7.75
0x6b0b3a982b4634ac68dd83a4dbf02311ce324181,0.011989
0x738865301a9b7dd80dc3666dd48cf034ec42bdda,2.17
0xee573a945b01b788b9287ce062a0cfc15be9fd86,0.034057
0x358aa737e033f34df7c54306960a38d09aabd523,0.000477
0xa876f27f13a9eb6e621202cefdd5afc4a90e6457,2.375e-05
0xfd0205066521550d7d7ab19da8f72bb004b4c341,0.01377
0x467719ad09025fcc6cf6f8311755809d45a5e5f3,0.633111
0x584bc13c7d411c00c01a62e8019472de68768430,0.019636
0x08a1c30bbb26425c1031ee9e43fa0b9960742539,0.959569
0xb17c88bda07d28b3838e0c1de6a30eafbcf52d85,0.008388
0xed0439eacf4c4965ae4613d77a5c2efe10e5f183,0.032632
0x0763fdccf1ae541a5961815c0872a8c5bc6de4d7,0.068219
0x1776e1f26f98b1a5df9cd347953a26dd3cb46671,13.12
0x64bc2ca1be492be7185faa2c8835d9b824c8a194,0.097286
0x57ab1ec28d129707052df4df418d58a2d46d5f51,1.002017
0xaaa7a10a8ee237ea61e8ac46c50a8db8bcc1baaa,5.05e-06
0xdc63269ea166b70d4780b3a11f5c825c2b761b01,1e-08
0x4a220e6096b25eadb88358cb44068a3248254675,71.17
0x41e5560054824ea6b0732e656e3ad64e20e94e45,0.09495
0x84cffa78b2fbbeec8c37391d2b12a04d2030845e,0.169225
0x888888435fde8e7d4c54cab67f206e4199454c60,0.037772
0x4a27e9aab8f8ba9de06766c8476ed1d16494e35f,1.619e-05
0x3a810ff7211b40c4fa76205a14efe161615d0385,0.014368
0x0100546f2cd4c9d97f798ffc9755e47865ff7ee6,2725.2
0xf4cd3d3fda8d7fd6c5a500203e38640a70bf9577,27.21
0x3b50805453023a91a8bf641e279401a0b23fa6f9,0.067981
0x08c32b0726c5684024ea6e141c50ade9690bbdcc,0.461452
0x5d843fa9495d23de997c394296ac7b4d721e841c,0.070108
0xcfcffe432a48db53f59c301422d2edd77b2a88d7,7.5e-07
0x888888848b652b3e3a0f34c96e00eec0f3a23f72,0.010543
0x1b40183efb4dd766f11bda7a7c3ad8982e998421,0.357798
0x2af5d2ad76741191d15dfe7bf6ac92d4bd912ca3,5.82
0x106552c11272420aad5d7e94f8acab9095a6c952,0
0x159751323a9e0415dd3d6d42a1212fe9f4a0848c,0.00147
0x8530b66ca3ddf50e0447eae8ad7ea7d5e62762ed,0
0x08d967bb0134f2d07f7cfb6e246680c53927dd30,0.248942
0x4a615bb7166210cce20e6642a6f8fb5d4d044496,0.015253
0x5cb3ce6d081fb00d5f6677d196f2d70010ea3f4a,0.000597
0x5283d291dbcf85356a21ba090e6db59121208b44,0.173168
0x3d658390460295fb963f54dc0899cfb1c30776df,0.00726
0x80c62fe4487e1351b47ba49809ebd60ed085bf52,0.047869
0x419c4db4b9e25d6db2ad9691ccb832c8d9fda05e,0.015214
0xce593a29905951e8fc579bc092eca72577da575c,0.00087
0xccc8cb5229b0ac8069c51fd58367fd1e622afd97,0.150892
0x3301ee63fb29f863f2333bd4466acb46cd8323e6,1.5e-07
0xa2cd3d43c775978a96bdbf12d733d5a1ed94fb18,0.001383
0xb3999f658c0391d94a37f7ff328f3fec942bcadc,0.182784
0x4cc19356f2d37338b9802aa8e8fc58b0373296e7,0.004704
0x2f4eb47a1b1f4488c71fc10e39a4aa56af33dd49,1.35
0xea1ea0972fa092dd463f2968f9bb51cc4c981d71,0.019375
0x0f5d2fb29fb7d3cfee444a200298f468908cc942,0.310504
0x152649ea73beab28c5b49b26eb48f7ead6d4c898,1.82
0x106538cc16f938776c7c180186975bca23875287,0.154383
0xed35af169af46a02ee13b9d79eb57d6d68c1749e,0.000498
0x3a8d5bc8a8948b68dfc0ce9c14ac4150e083518c,0.00067
0x1796ae0b0fa4862485106a0de9b654efe301d0b2,0.213263
0xd6caf5bd23cf057f5fccce295dcc50c01c198707,0.000716
0x5150956e082c748ca837a5dfa0a7c10ca4697f9c,0.053869
0x5b7533812759b45c2b44c19e320ba2cd2681b542,0.598094
0x0ae055097c6d159879521c384f1d2123d1f195e6,0.155124
0x993864e43caa7f7f12953ad6feb1d1ca635b875f,0.344346
0x00c83aecc790e8a4453e5dd3b0b4b3680501a7a7,0.04312
0xfe2e637202056d30016725477c5da089ab0a043a,3050.15
0xdf2c7238198ad8b389666574f2d8bc411a4b7428,0.004093
0x5a666c7d92e5fa7edcb6390e4efd6d0cdd69cf37,0.082943
0xa49d7499271ae71cd8ab9ac515e6694c755d400c,0.040027
0x94e9eb8b5ab9fd6b9ea3169d55ffade62a01702e,0.026601
0xe0ad1806fd3e7edf6ff52fdb822432e847411033,0.010617
0x6c28aef8977c9b773996d0e8376d2ee379446f2f,39.99
0x0de05f6447ab4d22c8827449ee4ba2d5c288379b,0.00153
0xf1c9acdc66974dfb6decb12aa385b9cd01190e38,3138.32
0x50d1c9771902476076ecfc8b2a83ad6b9355a4c9,1.199144
0x054f76beed60ab6dbeb23502178c52d6c5debe40,0.000713
0xb6ed7644c69416d67b522e20bc294a9a9b405b31,0.072385
0x1321f1f1aa541a56c31682c57b80ecfccd9bb288,0.073135
0x347a96a5bd06d2e15199b032f46fb724d6c73047,0.004697
0xd4342a57ecf2fe7ffa37c33cb8f63b1500e575e6,0.001004
0x2610f0bfc21ef389fe4d03cfb7de9ac1e6c99d6e,0.000476
0x7c84e62859d0715eb77d1b1c4154ecd6abb21bec,0.005928
0x1ceb5cb57c4d4e2b2433641b95dd330a33185a44,53.36
0x8c1bed5b9a0928467c9b1341da1d7bd5e10b6549,3202.34
0xf433089366899d83a9f26a773d59ec7ecf30355e,0.995827
0x99d8a9c45b2eca8864373a26d1459e3dff1e17f3,0.987542
0xb683d83a532e2cb7dfa5275eed3698436371cc9f,0.31918
0x9dfad1b7102d46b1b197b90095b5c4e9f5845bba,0.605922
0x7a5ce6abd131ea6b148a022cb76fc180ae3315a6,11.24
0xdef1ca1fb7fbcdc777520aa7f396b4e015f497ab,0.226807
0xf680429328caaacabee69b7a9fdb21a71419c063,0.006578
0x8b39b70e39aa811b69365398e0aace9bee238aeb,0.039251
0x9ff58067bd8d239000010c154c6983a325df138e,1.32
0x23fa3aa82858e7ad1f0f04352f4bb7f5e1bbfb68,0.00234
0x6bb61215298f296c55b19ad842d3df69021da2ef,0.016692
0x4f3afec4e5a3f2a6a1a411def7d7dfe50ee057bf,49.46
0xc0ba369c8db6eb3924965e5c4fd0b4c1b91e305f,0.001697
0xdd69db25f6d620a7bad3023c5d32761d353d3de9,0.018725
0xb19dd661f076998e3b0456935092a233e12c2280,0.000273
0xc4c346edc55504574cceb00aa1091d22404a4bc3,0.185082
0xa9b1eb5908cfc3cdf91f9b8b3a74108598009096,13.89
0x626e8036deb333b408be468f951bdb42433cbf18,0.422292
0x1bbf25e71ec48b84d773809b4ba55b6f4be946fb,0.411539
0xaa19961b6b858d9f18a115f25aa1d98abc1fdba8,0.111791
0xfc4913214444af5c715cc9f7b52655e788a569ed,0.027331
0x544c42fbb96b39b21df61cf322b5edc285ee7429,0.02067
0x2baecdf43734f22fd5c152db08e3c27233f0c7d2,0.958382
0x697beac28b09e122c4332d163985e8a73121b97f,0.204491
0xa803778ab953d3ffe4fbd20cfa0042ecefe8319d,3.669e-05
0x5f64ab1544d28732f0a24f4713c2c8ec0da089f0,0.136849
0x77fba179c79de5b7653f68b5039af940ada60ce0,2.86
0x5a9780bfe63f3ec57f01b087cd65bd656c9034a8,0
0xff20817765cb7f73d4bde2e66e067e58d11095c2,0.00438
0x0f71b8de197a1c84d31de0f1fa7926c365f052b3,0.038642
0x155040625d7ae3e9cada9a73e3e44f76d3ed1409,0.038215
0x25d01b5b39e58843291586a5d8afddf744bdeb13,1e-08
0x9af839687f6c94542ac5ece2e317daae355493a1,0.001589
0x4674a4f24c5f63d53f22490fb3a08eaaad739ff8,0.005017
0x9a0242b7a33dacbe40edb927834f96eb39f8fbcb,8.212e-05
0x4f9254c83eb525f9fcf346490bbb3ed28a81c667,0.013243
0x6e8908cfa881c9f6f2c64d3436e7b80b1bf0093f,0.021254
0x1559fa1b8f28238fd5d76d9f434ad86fd20d1559,0.029356
0x0cf0ee63788a0849fe5297f3407f701e122cc023,0.03772
0x798d1be841a82a273720ce31c822c61a67a601c3,591.12
0x0000000000a39bb272e79075ade125fd351887ac,3066.82
0xa1faa113cbe53436df28ff0aee54275c13b40975,0.066488
0xf7413489c474ca4399eee604716c72879eea3615,0.004924
0x3f68e7b44e9bcb486c2feadb7a2289d9cdfc9088,0.016789
0x4bcea5e4d0f6ed53cf45e7a28febb2d3621d7438,0.057768
0x4a527d8fc13c5203ab24ba0944f4cb14658d1db6,0.003254
0x9d71ce49ab8a0e6d2a1e7bfb89374c9392fd6804,0.007991
0x9ce84f6a69986a83d92c324df10bc8e64771030f,0.104628
0x9695e0114e12c0d3a3636fab5a18e6b737529023,0.01449
0x3b544e6fcf6c8dce9d8b45a4fdf21c9b02f9fda9,1.01e-06
0x66d28cb58487a7609877550e1a34691810a6b9fc,0.000741
0xdc0327d50e6c73db2f8117760592c8bbf1cdcf38,0.810059
0xbc6da0fe9ad5f3b0d58160288917aa56653660e9,0.967469
0x7659ce147d0e714454073a5dd7003544234b6aa0,0.440645
0x0aee8703d34dd9ae107386d3eff22ae75dd616d1,0.035413
0x88800092ff476844f74dc2fc427974bbee2794ae,0.020208
0x697ef32b4a3f5a4c39de1cb7563f24ca7bfc5947,0.037325
0x92ec47df1aa167806dfa4916d9cfb99da6953b8f,0.000161
0x85f17cf997934a597031b2e18a9ab6ebd4b9f6a4,4.54
0x227c7df69d3ed1ae7574a1a7685fded90292eb48,14557.94
0x0e0989b1f9b8a38983c2ba8053269ca62ec9b195,5.91e-06
0x525a8f6f3ba4752868cde25164382bfbae3990e1,0.10677
0x6c5ba91642f10282b576d91922ae6448c9d52f4e,0.122438
0x675bbc7514013e2073db7a919f6e4cbef576de37,0.099363
0xc00e94cb662c3520282e6f5717214004a7f26888,48.12
0x9e22b4f836a461ddc7765e5fad693688e76e6069,3.9e-07
0x508df5aa4746be37b5b6a69684dfd8bdc322219d,0.000933
0x923b83c26b3809d960ff80332ed00aa46d7ed375,0.000619
0xfc116ea24f002f600e363bdce4b91715fe5e0392,0.000395
0xbd2949f67dcdc549c6ebe98696449fa79d988a9f,0.002364
0x582d872a1b094fc48f5de31d3b73f2d9be47def1,7.29
0x3883f5e181fccaf8410fa61e12b59bad963fb645,1.33
0x476c5e26a75bd202a9683ffd34359c0cc15be0ff,0.031815
0xcd5fe23c85820f7b72d0926fc9b05b43e359b7ee,3197.49
0xe5b826ca2ca02f09c1725e9bd98d9a8874c30532,0.000349
0x012e0e6342308b247f36ee500ecb14dc77a7a8c1,0.001333
0x04c17b9d3b29a78f7bd062a57cf44fc633e71f85,0.002422
0xc011a72400e58ecd99ee497cf89e3775d4bd732f,1.65
0x464ebe77c293e473b48cfe96ddcf88fcf7bfdac0,0.418276
0x8971f9fd7196e5cee2c1032b50f656855af7dd26,0.002858
0x799a4202c12ca952cb311598a024c80ed371a41e,0.013149
0x70edf1c215d0ce69e7f16fd4e6276ba0d99d4de7,0.032408
0x09ce2b746c32528b7d864a1e3979bd97d2f095ab,0.001001
0x33d0568941c0c64ff7e0fb4fba0b11bd37deed9f,0.103976
0x948c70dc6169bfb10028fdbe96cbc72e9562b2ac,0.006137
0xe60779cc1b2c1d0580611c526a8df0e3f870ec48,0.002893
0xa1d0e215a23d7030842fc67ce582a6afa3ccab83,304.26
0xf1dc500fde233a4055e25e5bbf516372bc4f6871,4.573e-05
0xf56408077487cb879c992909c5b5c66d68c02eb4,0.002502
0x7420b4b9a0110cdc71fb720908340c03f9bc03ec,0.023217
0xbb9fd9fa4863c03c574007ff3370787b9ce65ff6,0.045085
0xba41ddf06b7ffd89d1267b5a93bfef2424eb2003,0.277201
0x2a8e1e676ec238d8a992307b495b45b3feaa5e86,0.997877
0xda47862a83dac0c112ba89c6abc2159b95afd71c,0.055746
0x36e66fbbce51e4cd5bd3c62b637eb411b18949d4,12.25
0x9b31bb425d8263fa1b8b9d090b83cf0c31665355,0.005271
0xada86b1b313d1d5267e3fc0bb303f0a2b66d0ea7,0.005674
0xc3b5284b2c0cfa1871a6ac63b6d6ee43c08bdc79,165.99
0x9ab7bb7fdc60f4357ecfef43986818a2a3569c62,0.054856
0x4c19596f5aaff459fa38b0f7ed92f11ae6543784,0.106566
0xea3983fc6d0fbbc41fb6f6091f68f3e08894dc06,0.003347
0x8eb24319393716668d768dcec29356ae9cffe285,0.598094
0x44f262622248027f8e2a8fb1090c4cf85072392c,0.000805
0xd0929d411954c47438dc1d871dd6081f5c5e149c,5.48e-05
0x23894dc9da6c94ecb439911caf7d337746575a72,0.001598
0x58b6a8a3302369daec383334672404ee733ab239,13.22
0x9625ce7753ace1fa1865a47aae2c5c2ce4418569,0.04829
0x8888801af4d980682e47f1a9036e589479e835c5,0.3914
0x1117ac6ad6cdf1a3bc543bad3b133724620522d5,0.068321
0xb0c7a3ba49c7a6eaba6cd4a96c55a1391070ac9a,0.480226
0x965697b4ef02f0de01384d0d4f9f782b1670c163,0.007075
0xa41f142b6eb2b164f8164cae0716892ce02f311f,0.020114
0xbe1a001fe942f96eea22ba08783140b9dcc09d28,0.067109
0xd084944d3c05cd115c09d072b9f44ba3e0e45921,14.98
0x33840024177a7daca3468912363bed8b425015c5,0.002267
0xbf5495efe5db9ce00f80364c8b423567e58d2110,3111.64
0x01597e397605bf280674bf292623460b4204c375,0.018889
0x29cbd0510eec0327992cd6006e63f9fa8e7f33b7,0.000174
0x04fa0d235c4abf4bcf4787af4cf447de572ef828,2.05
0xf65b5c5104c4fafd4b709d9d60a185eae063276c,0.158983
0xdacd69347de42babfaecd09dc88958378780fb62,0.00049
0x892a6f9df0147e5f079b0993f486f9aca3c87881,331.25
0xdb2f2bcce3efa95eda95a233af45f3e0d4f00e2a,0.00238
0xd2d8d78087d0e43bc4804b6f946674b2ee406b80,0.012389
0x15e6e0d4ebeac120f9a97e71faa6a0235b85ed12,1.21
0x02e7f808990638e9e67e1f00313037ede2362361,4.6e-06
0xe1d7c7a4596b038ced2a84bf65b8647271c53208,0.002271
0x1151cb3d861920e07a38e03eead12c32178567f6,2.625e-05
0x91dfbee3965baaee32784c2d546b7a0c62f268c9,0.002855
0xc08512927d12348f6620a698105e1baac6ecd911,0.006092
0x419d0d8bdd9af5e606ae2232ed285aff190e711b,0.003483
0xe453c3409f8ad2b1fe1ed08e189634d359705a5b,0.005453
0x34f0915a5f15a66eba86f6a58be1a471fb7836a7,0.039131
0x295b42684f90c77da7ea46336001010f2791ec8c,0.006272
0xd33526068d116ce69f19a9ee46f0bd304f21a51f,14.4
0x120a3879da835a5af037bb2d1456bebd6b54d4ba,0.073654
0x43a96962254855f16b925556f9e97be436a43448,0.006971
0xd85ad783cc94bd04196a13dc042a3054a9b52210,0.004002
0xcbfef8fdd706cde6f208460f2bf39aa9c785f05d,0.111952
0xfc1c93a2507975e98b9d0e9260ded61a00152bf1,0.142323
0xb1f1ee126e9c96231cc3d3fad7c08b4cf873b1f1,302.35
0xfb7b4564402e5500db5bb6d63ae671302777c75a,0.552703
0x51cb253744189f11241becb29bedd3f1b5384fdb,0.078785
0xc67b12049c2d0cf6e476bc64c7f82fc6c63cffc5,0.003269
0x8ce9137d39326ad0cd6491fb5cc0cba0e089b6a9,0.230773
0x470ebf5f030ed85fc1ed4c2d36b9dd02e77cf1b7,1.25
0x0ec78ed49c2d27b315d462d43b5bab94d2c79bf8,0.017198
0x7bebd226154e865954a87650faefa8f485d36081,0.106209
0x255aa6df07540cb5d3d297f0d0d4d84cb52bc8e6,0.011267
0x3845badade8e6dff049820680d1f14bd3903a5d0,0.294593
0x7a2bc711e19ba6aff6ce8246c546e8c4b4944dfd,34.24
0x39bb259f66e1c59d5abef88375979b4d20d98022,0.034802
0x903bef1736cddf2a537176cf3c64579c3867a881,1.75
0x3c8d2fce49906e11e71cb16fa0ffeb2b16c29638,0.001615
0xe1fc4455f62a6e89476f1072530c20cf1a0622da,0.003697
0xbb0e17ef65f82ab018d8edd776e8dd940327b28b,5.33
0xf4d861575ecc9493420a3f5a14f85b13f0b50eb3,0.008815
0xfbbe9b1142c699512545f47937ee6fae0e4b0aa9,17.33
0xfe0c30065b384f05761f15d0cc899d4f9f9cc0eb,2.21
0x99295f1141d58a99e939f7be6bbe734916a875b8,0.177978
0x3446dd70b2d52a6bf4a5a192d9b0a161295ab7f9,0.113699
0x2ab6bb8408ca3199b8fa6c92d5b455f820af03c4,0.00053
0x9cf0ed013e67db12ca3af8e7506fe401aa14dad6,1.7
0x89d584a1edb3a70b3b07963f9a3ea5399e38b136,0.068955
0x67466be17df832165f8c80a5a120ccc652bd7e69,3.305e-05
0x40fd72257597aa14c7231a7b1aaa29fce868f677,1.217e-05
0x5afe3855358e112b5647b952709e6165e1c1eeee,1.45
0x72377f31e30a405282b522d588aebbea202b4f23,2.44
0xd7f0cc50ad69408ae58be033f4f85d2367c2e468,0.000363
0xf4d2888d29d722226fafa5d9b24f9164c092421e,0.047261
0x6bf765c43030387a983f429c1438e9d2025b7e12,0
0x02f2d4a04e6e01ace88bd2cd632875543b2ef577,5.23e-06
0xf17e65822b568b3903685a7c9f496cf7656cc6c2,0.30216
0x15f74458ae0bfdaa1a96ca1aa779d715cc1eefe4,0.983001
0xa2120b9e674d3fc3875f415a7df52e382f141225,0.089506
0xa393473d64d2f9f026b60b6df7859a689715d092,0.07961
0x967da4048cd07ab37855c090aaf366e4ce1b9f48,0.515444
0x616e8bfa43f920657b3497dbf40d6b1a02d4608d,6.68
0x05fb86775fd5c16290f1e838f5caaa7342bd9a63,0.04082
0xc9393609a47f5744ce98369208b9dc66224e6b5d,3.99
0x84ca8bc7997272c7cfb4d0cd3d55cd942b3c9419,0.379727
0xf939e0a03fb07f59a73314e73794be0e57ac1b4e,0.997843
0x0abdace70d3790235af448c88547603b945604ea,0.038972
0xbf2179859fc6d5bee9bf9158632dc51678a4100e,0.396655
0xbc7250c8c3eca1dfc1728620af835fca489bfdf3,2.44e-06
0xcbe771323587ea16dacb6016e269d7f08a7acc4e,0.000763
0xd084b83c305dafd76ae3e1b4e1f1fe2ecccb3988,0.109439
0x70a72833d6bf7f508c8224ce59ea1ef3d0ea3a38,0.04911
0x8daebade922df735c38c80c7ebd708af50815faa,57562.7
0x8947da500eb47f82df21143d0c01a29862a8c3c5,0.243068
0xa47c8bf37f92abed4a126bda807a7b7498661acd,0.015772
0x9d39a5de30e57443bff2a8307a4256c8797a3497,1.084477
0x35e78b3982e87ecfd5b3f3265b601c046cdbe232,0.382892
0x30d20208d987713f46dfd34ef128bb16c404d10f,0.419972
0x7bef710a5759d197ec0bf621c3df802c2d60d848,0.012293
0x60eb57d085c59932d5faa6c6026268a4386927d0,0.004989
0xc5bcc8ba3f33ab0d64f3473e861bdc0685b19ef5,0.032161
0xd5f7838f5c461feff7fe49ea5ebaf7728bb0adfa,3185.68
0xf0d33beda4d734c72684b5f9abbebf715d0a7935,0.041825
0x808507121b80c02388fad14726482e061b8da827,3.45
0x54f9b4b4485543a815c51c412a9e20436a06491d,0.057148
0xcb97e65f07da24d46bcdd078ebebd7c6e6e3d750,0.00775
0x66761fa41377003622aee3c7675fc7b5c1c2fac5,0.120984
0x634239cfa331df0291653139d1a6083b9cf705e3,0.000392
0x217ddead61a42369a266f1fb754eb5d3ebadc88a,0.001699
0xd2adc1c84443ad06f0017adca346bd9b6fc52cab,0.000237
0x3f382dbd960e3a9bbceae22651e88158d2791550,1.068356
0x1735db6ab5baa19ea55d0adceed7bcdc008b3136,0.002462
0x3505f494c3f0fed0b594e01fa41dd3967645ca39,0.009158
0xa5f2211b9b8170f694421f2046281775e8468044,0.181068
0x1337def16f9b486faed0293eb623dc8395dfe46a,0.001775
0xb26c4b3ca601136daf98593feaeff9e0ca702a8d,0.031009
0x557b933a7c2c45672b610f8954a3deb39a51a8ca,0.006703
0xdfe691f37b6264a90ff507eb359c45d55037951c,0.012056
0xf5581dfefd8fb0e4aec526be659cfab1f8c781da,0.058252
0xa735a3af76cc30791c61c10d585833829d36cbe0,0.01187
0xb9f599ce614feb2e1bbe58f180f370d05b39344e,8e-08
0xcfeaead4947f0705a14ec42ac3d44129e1ef3ed5,0.079992
0x14fee680690900ba0cccfc76ad70fd1b95d10e16,0.208702
0x4f640f2529ee0cf119a2881485845fa8e61a782a,0.00054
0x793786e2dd4cc492ed366a94b88a3ff9ba5e7546,0.001541
0x85f6eb2bd5a062f5f8560be93fb7147e16c81472,0.001074
0xc18360217d8f7ab5e7c516566761ea12ce7f9d72,27.16
0x3b484b82567a09e2588a13d54d032153f0c0aee0,1e-08
0x6f87d756daf0503d08eb8993686c7fc01dc44fb1,0.02179
0xabec00542d141bddf58649bfe860c6449807237c,0.041405
0xaaa9214f675316182eaa21c85f0ca99160cc3aaa,0.025844
0x04c154b66cb340f3ae24111cc767e0184ed00cc6,3064.62
0x423f4e6138e475d85cf7ea071ac92097ed631eea,1.1e-07
0x430ef9263e76dae63c84292c3409d61c598e9682,3.14
0xc834fa996fa3bec7aad3693af486ae53d8aa8b50,0.000609
0xaaaebe6fe48e54f431b0c390cfaf0b017d09d42d,0.45426
0x1122b6a0e00dce0563082b6e2953f3a943855c1f,0.013125
0x2ba8349123de45e931a8c8264c332e6e9cf593f9,0.003423
0xb6ee9668771a79be7967ee29a63d4184f8097143,0.09327
0x444444444444c1a66f394025ac839a535246fcc8,4.1e-06
0x0d438f3b5175bebc262bf23753c1e53d03432bde,66.91
0x5f5c86a9f8aaf63ce27b82fab3b33df73cbc3d12,0.002379
0x34be5b8c30ee4fde069dc878989686abe9884470,0.042725
0x01e1d7cbd3bc0eb1030485f33708421011459459,2.1e-07
0x1c9922314ed1415c95b9fd453c3818fd41867d0b,0.00493
0x48c276e8d03813224bb1e55f953adb6d02fd3e02,0
0x9e46a38f5daabe8683e10793b06749eef7d733d1,0.015636
0x1aa51bc7eb181ce48ce626bf62f8956fa9555136,2.11e-06
0x38a2fdc11f526ddd5a607c1f251c065f40fbf2f7,0.000263
0x3d6f0dea3ac3c607b3998e6ce14b6350721752d9,0.009415
0xc5b0251dacfab74bc2debaa52072a2a4c939c105,2.792e-05
0x728f30fa2f100742c7949d1961804fa8e0b1387d,0.08321
0x8a854288a5976036a725879164ca3e91d30c6a1b,1.112324
0x1beef31946fbbb40b877a72e4ae04a8d1a5cee06,0.000192
0x0f7f961648ae6db43c75663ac7e5414eb79b5704,0.003942
0x66a0f676479cee1d7373f3dc2e2952778bff5bd6,0.190209
0xd46ba6d942050d489dbd938a2c909a5d5039a161,1.077697
0x32353a6c91143bfd6c7d363b546e62a9a2489a20,0.832629
0x744d70fdbe2ba4cf95131626614a1763df805b9e,0.021469
0x83f20f44975d03b1b09e64809b757c47f942beea,1.09641
0x6b3595068778dd592e39a122f4f5a5cf09c90fe2,0.686466
0x514910771af9ca656af840dff83e8264ecf986ca,12.88
0x7c07f7abe10ce8e33dc6c5ad68fe033085256a84,3395.36
0xfae30394a76796dc3df37c2714f5fc12083dfdb0,0.001365
0x16cda4028e9e872a38acb903176719299beaed87,0.000717
0x809826cceab68c387726af962713b64cb5cb3cca,8.762e-05
0x03aa6298f1370642642415edc0db8b957783e8d6,3.88
0xba5bde662c17e2adff1075610382b9b691296350,0.08589
0x491604c0fdf08347dd1fa4ee062a822a5dd06b5d,0.143213
0xbbc2ae13b23d715c30720f079fcd9b4a74093505,2.09
0xb5fe099475d3030dde498c3bb6f3854f762a48ad,0.008219
0x618679df9efcd19694bb1daa8d00718eacfa2883,7.305e-05
0x446c9033e7516d820cc9a2ce2d0b7328b579406f,0.010058
0xf951e335afb289353dc249e82926178eac7ded78,3249.95
0x80ce3027a70e0a928d9268994e9b85d03bd4cdcf,0.002541
0x320623b8e4ff03373931769a31fc52a4e78b5d70,0.004473
0x243cacb4d5ff6814ad668c3e225246efa886ad5a,5e-07
0xcb84d72e61e383767c4dfeb2d8ff7f4fb89abc6e,0.228976
0xcd17fa52528f37facb3028688e62ec82d9417581,0.04554
0x2f573070e6090b3264fe707e2c9f201716f123c7,1e-08
0xfaba6f8e4a5e8ab82f62fe7c39859fa577269be3,0.940367
0x799ebfabe77a6e34311eeee9825190b9ece32824,0.47193
0x0d88ed6e74bbfd96b831231638b66c05571e824f,2.05
0x0d8775f648430679a709e98d2b0cb6250d2887ef,0.175934
0x19d97d8fa813ee2f51ad4b4e04ea08baf4dffc28,3.3
0x4730fb1463a6f1f44aeb45f6c5c422427f37f4d0,0.001885
0x15d4c048f83bd7e37d49ea4c83a07267ec4203da,0.021944
0x05f4a42e251f2d52b8ed15e9fedaacfcef1fad27,0.015206
0x2a3bff78b79a009976eea096a51a948a3dc00e34,0.332218
0xa0cf46eb152656c7090e769916eb44a138aaa406,0.001018
0xae7ab96520de3a18e5e111b5eaab095312d7fe84,3065.47
0x1e18821e69b9faa8e6e75dffe54e7e25754beda0,0.007104
0x0ff6ffcfda92c53f615a4a75d982f399c989366b,0.043818
0xb59490ab09a0f526cc7305822ac65f2ab12f9723,0.673162
0xb131f4a55907b10d1f0a50d8ab8fa09ec342cd74,0.014401
0x78a0a62fba6fb21a83fe8a3433d44c73a4017a6f,0.005116
0x968f6f898a6df937fc1859b323ac2f14643e3fed,0.063596
0x9196e18bc349b1f64bc08784eae259525329a1ad,5.7e-06
0x41a3dba3d677e573636ba691a70ff2d606c29666,0.019523
0x2791bfd60d232150bff86b39b7146c0eaaa2ba81,0.001825
0xbba39fd2935d5769116ce38d46a71bde9cf03099,0.032501
0x4fbaf51b95b024d0d7cab575be2a1f0afedc9b64,0
0xa0bed124a09ac2bd941b10349d8d224fe3c955eb,0.289976
0x8c15ef5b4b21951d50e53e4fbda8298ffad25057,0.113093
0x226f7b842e0f0120b7e194d05432b3fd14773a9d,0.000232
0x8ee325ae3e54e83956ef2d5952d3c8bc1fa6ec27,0.059652
0xa4e8c3ec456107ea67d3075bf9e3df3a75823db0,0.050919
0x850aab69f0e0171a9a49db8be3e71351c8247df4,0.011391
0xed1273928ba97eed7b49e82c2f39d512d7591112,0.005274
0x473f4068073cd5b2ab0e4cc8e146f9edc6fb52cc,2e-08
0x93c9175e26f57d2888c7df8b470c9eea5c0b0a93,0.086089
0x4946fcea7c692606e8908002e55a582af44ac121,0.023309
0x661ab0ed68000491d98c796146bcf28c20d7c559,0.002135
0x08389495d7456e1951ddf7c3a1314a4bfb646d8b,0.041619
0x4dd942baa75810a3c1e876e79d5cd35e09c97a76,0.002962
0xc28e931814725bbeb9e670676fabbcb694fe7df2,0.006847
0x88cb253d4c8cab8cdf7948a9251db85a13669e23,1.825e-05
0x75858677e27c930fb622759feaffee2b754af07f,0.074877
0x6e5970dbd6fc7eb1f29c6d2edf2bc4c36124c0c1,0.545845
0x6fc13eace26590b80cccab1ba5d51890577d83b2,0.009638
0x5de8ab7e27f6e7a1fff3e5b337584aa43961beef,0.012875
0xe80c0cd204d654cebe8dd64a4857cab6be8345a3,0.00043
0x11eef04c884e24d9b7b4760e7476d06ddf797f36,3.86
0x9aeb50f542050172359a0e1a25a9933bc8c01259,0.02106
0x666d875c600aa06ac1cf15641361dec3b00432ef,0.601067
0x2a7e415c169ce3a580c6f374dc26f6aaad1eccfe,0
0xca1207647ff814039530d7d35df0e1dd2e91fa84,0.097763
0xd0352a019e9ab9d757776f532377aaebd36fd541,0.075361
0xa0b73e1ff0b80914ab6fe0444e65848c4c34450b,0.086044
0x29ceddcf0da3c1d8068a7dfbd0fb06c2e438ff70,0.000205
0x38e4adb44ef08f22f5b5b76a8f0c2d0dcbe7dca1,0.212026
0x7f3edcdd180dbe4819bd98fee8929b5cedb3adeb,0.00026
0x3106a0a076bedae847652f42ef07fd58589e001f,0.100423
0x2c9c19ce3b15ae77c6d80aec3c1194cfd6f7f3fa,8.78e-06
0xf19308f923582a6f7c465e5ce7a9dc1bec6665b1,2e-07
0xf04af3f4e4929f7cd25a751e6149a3318373d4fe,0.003165
0x441761326490cacf7af299725b6292597ee822c2,3.87
0x3f6d1649a1366b0e82173d33e365953f9f1cc84c,0.178297
0x7697b462a7c4ff5f8b55bdbc2f4076c2af9cf51a,0.047204
0x607f4c5bb672230e8672085532f7e901544a7375,1.76
0x83984d6142934bb535793a82adb0a46ef0f66b6d,8.238e-05
0x8fac8031e079f409135766c7d5de29cf22ef897c,0.009907
0xa2881f7f441267042f9778ffa0d4f834693426be,0.010619
0x6982508145454ce325ddbe47a25d4ec3d2311933,9.06e-06
0x5d30ad9c6374bf925d0a75454fa327aacf778492,0.062585
0x4d2ee5dae46c86da2ff521f7657dad98834f97b8,14.94
0x3c4b6e6e1ea3d4863700d7f76b36b7f3d3f13e3d,0.071489
0xc3761eb917cd790b30dad99f6cc5b4ff93c4f9ea,3.332e-05
0x6b175474e89094c44da98b954eedeac495271d0f,1.00131
0xca0e7269600d353f70b14ad118a49575455c0f2f,0.000823
0xe4cfe9eaa8cdb0942a80b7bc68fd8ab0f6d44903,0.060187
0x95a4492f028aa1fd432ea71146b433e7b4446611,0.001326
0x02d3a27ac3f55d5d91fb0f52759842696a864217,0.007853
0xab37e1358b639fd877f015027bb62d3ddaa7557e,0.267409
0xb705268213d593b8fd88d3fdeff93aff5cbdcfae,0.040137
0xca14007eff0db1f8135f4c25b34de49ab0d42766,0.595669
0xb33bfab26984a3135d6c36e7e362a1b61cb17a64,1.58e-06
0xbc6e06778708177a18210181b073da747c88490a,0.000107
0xe66b3aa360bb78468c00bebe163630269db3324f,0.050778
0x383518188c0c6d7730d91b2c03a03c837814a899,70.87
0xb53ecf1345cabee6ea1a65100ebb153cebcac40f,2.228e-05
0xaaca86b876ca011844b5798eca7a67591a9743c8,0.000229
0x4ec1b60b96193a64acae44778e51f7bff2007831,0.108885
0xd9b312d77bc7bed9b9cecb56636300bed4fe5ce9,0.008722
0x20f7a3ddf244dc9299975b4da1c39f8d5d75f05a,0.000116
0xba25b2281214300e4e649fead9a6d6acd25f1c0a,0.138699
0x8a3d77e9d6968b780564936d15b09805827c21fa,0.020533
0x011864d37035439e078d64630777ec518138af05,0.049046
0xfae103dc9cf190ed75350761e95403b7b8afa6c0,3078.87
0x3e34eabf5858a126cb583107e643080cee20ca64,0.03047
0xc4f6e93aeddc11dc22268488465babcaf09399ac,0.000484
0xa849eaae994fb86afa73382e9bd88c2b6b18dc71,0.003598
0x75231f58b43240c9718dd58b4967c5114342a86c,36.58
0x375abb85c329753b1ba849a601438ae77eec9893,0.115913
0xff56cc6b1e6ded347aa0b7676c85ab0b3d08b0fa,0.020611
0x37fe0f067fa808ffbdd12891c0858532cfe7361d,0.004526
0xf4b5470523ccd314c6b9da041076e7d79e0df267,0.001502
0xc581b735a1688071a1746c968e0798d642ede491,1.047734
0x794baab6b878467f93ef17e2f2851ce04e3e34c8,0.000492
0x6781a0f84c7e9e846dcb84a9a5bd49333067b104,0.0022
0x8290333cef9e6d528dd5618fb97a76f268f3edd4,0.027731
0xae78736cd615f374d3085123a210448e74fc6393,3434.23
0x40986a85b4cfcdb054a6cbfb1210194fee51af88,9.049e-05
0x4d4f3715050571a447fffa2cd4cf091c7014ca5c,0.003627
0x44ff8620b8ca30902395a7bd3f2407e1a091bf73,0.026966
0x72dd4b6bd852a3aa172be4d6c5a6dbec588cf131,0.025285
0x0258f474786ddfd37abce6df6bbb1dd5dfc4434a,1.38
0x26c8afbbfe1ebaca03c2bb082e69d0476bffe099,0.370841
0x943af2ece93118b973c95c2f698ee9d15002e604,0.004419
0x6243d8cea23066d098a15582d81a598b4e8391f4,2.97
0xdddddd4301a082e62e84e43f474f044423921918,0.490591
0xf629cbd94d3791c9250152bd8dfbdf380e2a3b9c,0.165699
0xf88baf18fab7e330fa0c4f83949e23f52fececce,0.006732
0x6985884c4392d348587b19cb9eaaf157f13271cd,3.83
0xebf2096e01455108badcbaf86ce30b6e5a72aa52,6.151e-05
0xba50933c268f567bdc86e1ac131be072c6b0b71a,0.039298
0x6e2a43be0b1d33b726f0ca3b8de60b3482b8b050,1.44
0x40803cea2b2a32bda1be61d3604af6a814e70976,0.135779
0xfa14fa6958401314851a17d6c5360ca29f74b57b,0.005809
0xe88f8313e61a97cec1871ee37fbbe2a8bf3ed1e4,0.083839
0xcaabcaa4ca42e1d86de1a201c818639def0ba7a7,0.03751
0x177ba0cac51bfc7ea24bad39d81dcefd59d74faa,12.82
0x1fe24f25b1cf609b9c4e7e12d802e3640dfa5e43,0.022748
0x7b123f53421b1bf8533339bfbdc7c98aa94163db,0.500697
0xddb3422497e61e13543bea06989c0789117555c5,0.082662
0xbc19712feb3a26080ebf6f2f7849b417fdd792ca,0.001867
0x4a57e687b9126435a9b19e4a802113e266adebde,0.004036
0x8ab7404063ec4dbcfd4598215992dc3f8ec853d7,0.005019
0x8798249c2e607446efb7ad49ec89dd1865ff4272,0.964224
0x0bc529c00c6401aef6d220be8c6ea1667f6ad93e,5813.45
0x9ee91f9f426fa633d227f7a9b000e28b9dfd8599,0.561713
0x68d57c9a1c35f63e2c83ee8e49a64e9d70528d25,0.00021
0x5e74c9036fb86bd7ecdcb084a0673efc32ea31cb,2934.35
0x408e41876cccdc0f92210600ef50372656052a38,0.042558
0x4156d3342d5c385a87d264f90653733592000581,0.023201
0x0cec1a9154ff802e7934fc916ed7ca50bde6844e,0.330586
0x595832f8fc6bf59c85c527fec3740a1b7a361269,0.188254
0x429881672b9ae42b8eba0e26cd9c73711b891ca5,0.890612
0x5ee84583f67d5ecea5420dbb42b462896e7f8d06,0.007518
0x2f109021afe75b949429fe30523ee7c0d5b27207,0.104217
0x33e07f5055173cf8febede8b21b12d1e2b523205,0.054795
0x956f47f50a910163d8bf957cf5846d573e7f87ca,0.930838
0xff836a5821e69066c87e268bc51b849fab94240c,0.0002
0x67c597624b17b16fb77959217360b7cd18284253,0.567035
0x8052327f1baf94a9dc8b26b9100f211ee3774f54,0.048682
0x9e10f61749c4952c320412a6b26901605ff6da1d,0.000109
0xaa7a9ca87d3694b5755f213b5d04094b8d0f0a6f,0.649417
0x04e0af0af1b7f0023c6b12af5a94df59b0e8cf59,0.012961
0xfca59cd816ab1ead66534d82bc21e7515ce441cf,1.85
0x6dea81c8171d0ba574754ef6f8b412f2ed88c54d,0.750961
0x8a9c67fee641579deba04928c4bc45f66e26343a,0.005153
0xb8647e90c0645152fccf4d9abb6b59eb4aa99052,0.033983
0x6f259637dcd74c767781e37bc6133cd6a68aa161,0.453133
0x3d3d35bb9bec23b06ca00fe472b50e7a4c692c30,0.056971
0x21bfbda47a0b4b5b1248c767ee49f7caa9b23697,0.21746
0x3136ef851592acf49ca4c825131e364170fa32b3,0.000803
0x33f391f4c4fe802b70b77ae37670037a92114a7c,0.000392
0xeec2be5c91ae7f8a338e1e5f3b5de49d07afdc81,17.39
0x6810e776880c02933d47db1b9fc05908e5386b96,258.38
0x55a8f6c6b3aa58ad6d1f26f6afeded78f32e19f4,0.033618
0x5eaa69b29f99c84fe5de8200340b4e9b4ab38eac,0.001125
0x9469d013805bffb7d3debe5e7839237e535ec483,0.002726
0x65ef703f5594d2573eb71aaf55bc0cb548492df4,0.541224
0xb97048628db6b661d4c2aa833e95dbe1a905b280,0.006915
0x618e75ac90b12c6049ba3b27f5d5f8651b0037f6,0.017038
0x5c761c1a21637362374204000e383204d347064c,0.00037
0x915044526758533dfb918eceb6e44bc21632060d,0.264982
0x96610186f3ab8d73ebee1cf950c750f3b1fb79c2,0.002227
0x4da34f8264cb33a5c9f17081b9ef5ff6091116f4,0.011134
0xb31ef9e52d94d4120eb44fe1ddfde5b4654a6515,0.001464
0x71fc1f555a39e0b698653ab0b475488ec3c34d57,0.001047
0xac51066d7bec65dc4589368da368b212745d63e8,0.938468
0xd1e2d5085b39b80c9948aeb1b9aa83af6756bcc5,0.082757
0xeef9f339514298c6a857efcfc1a762af84438dee,3.93
0x39795344cbcc76cc3fb94b9d1b15c23c2070c66d,0.004732
0xd38bb40815d2b0c2d2c866e0c72c5728ffc76dd9,0.189544
0xe9a95d175a5f4c9369f3b74222402eb1b837693b,0.103657
0xc477d038d5420c6a9e0b031712f61c5120090de9,0.327167
0x761d38e5ddf6ccf6cf7c55759d5210750b5d60f3,1.5e-07
0x3231cb76718cdef2155fc47b5286d82e6eda273f,1.085825
0x92d6c1e31e14520e676a687f0a93788b716beff5,1.29
0xad32a8e6220741182940c5abf610bde99e737b2d,0.018281
0xe66747a101bff2dba3697199dcce5b743b454759,6.83
0xc98d64da73a6616c42117b582e832812e7b8d57f,0.175708
0x27054b13b1b798b345b591a4d22e6562d47ea75a,0.086429
0x95dfdc8161832e4ff7816ac4b6367ce201538253,2.12e-06
0x3819f64f282bf135d62168c1e513280daf905e06,4e-08
0x8b0e42f366ba502d787bb134478adfae966c8798,0.000279
0x32b86b99441480a7e5bd3a26c124ec2373e3f015,2e-08
0x01ff50f8b7f74e4f00580d9596cd3d0d6d6e326f,0.001504
0xc4c2614e694cf534d407ee49f8e44d125e4681c4,0.00669
0x3449fc1cd036255ba1eb19d65ff4ba2b8903a69a,0.002053
0x83e6f1e41cdd28eaceb20cb649155049fac3d5aa,0.370248
0x46e98ffe40e408ba6412beb670507e083c8b95ff,0.00575
0x0a913bead80f321e7ac35285ee10d9d922659cb7,0.000843
0xe9b076b476d8865cdf79d1cf7df420ee397a7f75,0.084432
0x054d64b73d3d8a21af3d764efd76bcaa774f3bb2,0.000933
0x7eaf9c89037e4814dc0d9952ac7f888c784548db,0.002261
0x43044f861ec040db59a7e324c40507addb673142,3.4
0xcdf7028ceab81fa0c6971208e83fa7872994bee5,0.020355
0x12b6893ce26ea6341919fe289212ef77e51688c8,0.002002
0xf21661d0d1d76d3ecb8e1b9f1c923dbfffae4097,1.110625
0x14a32f050facf226ec60882398a9bf36d91dbac2,0.001803
0xdb726152680ece3c9291f1016f1d36f3995f6941,11.96
0x0c572544a4ee47904d54aaa6a970af96b6f00e1b,0.005161
0x92cfbec26c206c90aee3b7c66a9ae673754fab7e,0.026705
0x8c18d6a985ef69744b9d57248a45c0861874f244,0.018312
0x23b608675a2b2fb1890d3abbd85c5775c51691d5,19120.5
0x10dea67478c5f8c5e2d90e5e9b26dbe60c54d800,2.24
0x4470bb87d77b963a013db939be332f927f2b992e,0.157341
0xf411903cbc70a74d22900a5de66a2dda66507255,0.003254
0xf1a91c7d44768070f711c68f33a7ca25c8d30268,0.005648
0xaa8330fb2b4d5d07abfe7a72262752a8505c6b37,0.009707
0x0000000de40dfa9b17854cbc7869d80f9f98d823,0.002848
0x656c00e1bcd96f256f224ad9112ff426ef053733,0.047094
0x940a2db1b7008b6c776d4faaca729d6d4a4aa551,0.236662
0x3affcca64c2a6f4e3b6bd9c64cd2c969efd1ecbe,0.000306
0xc7283b66eb1eb5fb86327f08e1b5816b0720212b,0.401791
0x0bb217e40f8a5cb79adf04e1aab60e5abd0dfc1e,0.003998
0xe53ec727dbdeb9e2d5456c3be40cff031ab40a55,0.542226
0xa4eed63db85311e22df4473f87ccfc3dadcfa3e3,0.018831
0x4e352cf164e64adcbad318c3a1e222e9eba4ce42,6.61
0xf16e81dce15b08f326220742020379b855b87df9,0.00409
0xd9c2d319cd7e6177336b0a9c93c21cb48d84fb54,12.53
0x767fe9edc9e0df98e07454847909b5e959d7ca0e,58.45
0x34f797e7190c131cf630524655a618b5bd8738e7,0.000382
0x785c34312dfa6b74f6f1829f79ade39042222168,0.020805
0xd26114cd6ee289accf82350c8d8487fedb8a0c07,0.272947
0x5bc25f649fc4e26069ddf4cf4010f9f706c23831,0.047303
0xe6fd75ff38adca4b97fbcd938c86b98772431867,1.85
0x80f0c1c49891dcfdd40b6e0f960f84e6042bcb6f,0.965952
0x31c8eacbffdd875c74b94b077895bd78cf1e64a3,1.178967
0x3a0b022f32b3191d44e5847da12dc0b63fb07c91,0.00055
0x0c10bf8fcb7bf5412187a595ab97a3609160b5c6,0.999975
0x2e9d63788249371f1dfc918a52f8d799f4a38c94,0.498718
0xe95a203b1a91a908f9b9ce46459d101078c2c3cb,3570.63
0xdc8af07a7861bedd104b8093ae3e9376fc8596d2,0.145881
0x95ad61b0a150d79219dcf64e1e6cc01f0b64c4ce,1.638e-05
0xf94b5c5651c888d928439ab6514b93944eee6f48,0.003042
0x3b9be07d622accaed78f479bc0edabfd6397e320,0.084843
0x9506d37f70eb4c3d79c398d326c871abbf10521d,0.075969
0xebd9d99a3982d547c5bb4db7e3b1f9f14b67eb83,0.065083
0x41d5d79431a913c4ae7d69a668ecdfe5ff9dfb68,26.74
0x62d0a8458ed7719fdaf978fe5929c6d342b0bfce,0.014484
0x455e53cbb86018ac2b8092fdcd39d8444affc3f6,0.499708
0x3a4f40631a4f906c2bad353ed06de7a5d3fcb430,0.058663
0xfc82bb4ba86045af6f327323a46e80412b91b27d,5.96
0x03ab458634910aad20ef5f1c8ee96f1d6ac54919,2.89
0x0f51bb10119727a7e5ea3538074fb341f56b09ad,0.457007
0xda4dd9586d27202a338843dd6b9824d267006783,0.000229
0x9b02dd390a603add5c07f9fd9175b7dabe8d63b7,0.034023
0x734c90044a0ba31b3f2e640c10dc5d3540499bfd,0.001621
0xb98d4c97425d9908e66e53a6fdf673acca0be986,2.2
0xd8e3fb3b08eba982f2754988d70d57edc0055ae6,7.09
0xd101dcc414f310268c37eeb4cd376ccfa507f571,0.142072
0xc28e27870558cf22add83540d2126da2e4b464c2,0.003875
0xc221b7e65ffc80de234bbb6667abdd46593d34f0,0.428833
0x7d29a64504629172a429e64183d6673b9dacbfce,0.351781
0xacfa209fb73bf3dd5bbfb1101b9bc999c49062a5,0.042
0x4c6ec08cf3fc987c6c4beb03184d335a2dfc4042,3.673e-05
0x3cbb7f5d7499af626026e96a2f05df806f2200dc,0.002962
0x96a5399d07896f757bd4c6ef56461f58db951862,2.2e-07
0xf0ee6b27b759c9893ce4f094b49ad28fd15a23e4,0.014457
0x321c2fe4446c7c963dc41dd58879af648838f98d,2.69
0x63f88a2298a5c4aee3c216aa6d926b184a4b2437,0.002617
0x40955d77f87123b71b145098358a60573ac7be96,0.150111
0x31c2415c946928e9fd1af83cdfa38d3edbd4326f,0.00021
0xa0b86991c6218b36c1d19d4a2e9eb0ce3606eb48,1.000782
0xf203ca1769ca8e9e8fe1da9d147db68b6c919817,0.060167
0xa1290d69c65a6fe4df752f95823fae25cb99e5a7,3110.63
0x050d94685c6b0477e1fc555888af6e2bb8dfbda5,0
0xfa1a856cfa3409cfa145fa4e20eb270df3eb21ab,0.005647
0x7d1afa7b718fb893db30a3abc0cfc608aacfebb0,0.499812
0xcca0c9c383076649604ee31b20248bc04fdf61ca,0.039744
0xa8c8cfb141a3bb59fea1e2ea6b79b5ecbcd7b6ca,0.064221
0xf5cfbc74057c610c8ef151a439252680ac68c6dc,0.141441
0x1abaea1f7c830bd89acc67ec4af516284b1bc33c,1.085365
0x9fa69536d1cda4a04cfb50688294de75b505a9ae,0.163292
0xc944e90c64b2c07662a292be6244bdf05cda44a7,0.181138
0x9040e237c3bf18347bb00957dc22167d0f2b999d,0.021293
0x185ece9bc75164f9fc0fbe44738e8dd1863f8464,0.007784
0xc78b628b060258300218740b1a7a5b3c82b3bd9f,0.272361
0xa8b61cff52564758a204f841e636265bebc8db9b,0.00149
0xa92e7c82b11d10716ab534051b271d2f6aef7df5,0.000207
0x7448c7456a97769f6cd04f1e83a4a23ccdc46abd,0.201814
0xa3d58c4e56fedcae3a7c43a725aee9a71f0ece4e,0.566398
0x0d02755a5700414b26ff040e1de35d337df56218,0.000707
0xf418588522d5dd018b425e472991e52ebbeeeeee,0.130095
0xd1d2eb1b1e90b638588728b4130137d262c87cae,0.021944
0x4a7397b0b86bb0f9482a3f4f16de942f04e88702,5.44e-05
0x39aa39c021dfbae8fac545936693ac917d5e7563,0.024025
0x44709a920fccf795fbc57baa433cc3dd53c44dbe,0.005793
0xb6ff96b8a8d214544ca0dbc9b33f7ad6503efd32,0.002355
0x7122985656e38bdc0302db86685bb972b145bd3c,3134.68
0x9343e24716659a3551eb10aff9472a2dcad5db2d,0.014163
0x2be5e8c109e2197d077d13a82daead6a9b3433c5,1.085827
0x58cb30368ceb2d194740b144eab4c2da8a917dcb,0.043684
0xaf9f549774ecedbd0966c52f250acc548d3f36e5,0.001621
0x8f8221afbb33998d8584a2b05749ba73c37a938a,0.100885
0xd1ba9bac957322d6e8c07a160a3a8da11a0d2867,0.020114
0x9f8f72aa9304c8b593d555f12ef6589cc3a579a2,2264.51
0x725c263e32c72ddc3a19bea12c5a0479a81ee688,0.005911
0x5228a22e72ccc52d415ecfd199f99d0665e7733b,56253.93
0x6468e79a80c0eab0f9a2b574c8d5bc374af59414,0.028308
0x9393fdc77090f31c7db989390d43f454b1a6e7f3,0.000642
0x710287d1d39dcf62094a83ebb3e736e79400068a,0.015723
0xbaac2b4491727d78d2b78815144570b9f2fe8899,0.004484
0x7ddc52c4de30e94be3a6a0a2b259b2850f421989,0.303234
0x57b946008913b82e4df85f501cbaed910e58d26c,0.017038
0xe28b3b32b6c345a34ff64674606124dd5aceca30,20.84
0x06450dee7fd2fb8e39061434babcfc05599a6fb8,1e-07
0xfe9a29ab92522d14fc65880d817214261d8479ae,0.224111
0x6f80310ca7f2c654691d1383149fa1a57d8ab1f8,0.037995
0xfe67a4450907459c3e1fff623aa927dd4e28c67a,0.199658
0xa01199c61841fce3b3dafb83fefc1899715c8756,0.006509
0x08ba718f288c3b12b01146816bef9fa03cc635bc,0.000258
0xbe9895146f7af43049ca1c1ae358b0541ea49704,3299.79
0xb69753c06bb5c366be51e73bfc0cc2e3dc07e371,2e-08
0x41545f8b9472d758bb669ed8eaeeecd7a9c4ec29,0.145935
0xae41b275aaaf484b541a5881a2dded9515184cca,0.051016
0x536381a8628dbcc8c70ac9a30a7258442eab4c92,0.084727
0x40d16fc0246ad3160ccc09b8d0d3a2cd28ae6c2f,1.000828
0x10be9a8dae441d276a5027936c3aaded2d82bc15,0.073818
0xc5fb36dd2fb59d3b98deff88425a3f425ee469ed,0.007155
0xb64ef51c888972c908cfacf59b47c1afbc0ab8ac,0.347158
0x44108f0223a3c3028f5fe7aec7f9bb2e66bef82f,0.333423
0xc690f7c7fcffa6a82b79fab7508c466fefdfc8c5,0.001169
0x5d285f735998f36631f678ff41fb56a10a4d0429,0.001472
0x4bb3205bf648b7f59ef90dee0f1b62f6116bc7ca,0.00253
0x56015bbe3c01fe05bc30a8a9a9fd9a88917e7db3,0.046909
0x4123a133ae3c521fd134d7b13a2dec35b56c2463,0.014858
0xe530441f4f73bdb6dc2fa5af7c3fc5fd551ec838,4.182e-05
0xde30da39c46104798bb5aa3fe8b9e0e1f348163f,0.819216
0x3a880652f47bfaa771908c07dd8673a787daed3a,0.045693
0x68a3637ba6e75c0f66b61a42639c4e9fcd3d4824,0.011831
0xaaaf91d9b90df800df4f55c205fd6989c977e73a,0.080486
0x77e06c9eccf2e797fd462a92b6d7642ef85b0a44,245.23
0x4dc3643dbc642b72c158e7f3d2ff232df61cb6ce,0.005885
0xc52c326331e9ce41f04484d3b5e5648158028804,0.102072
0x69af81e73a73b40adf4f3d4223cd9b1ece623074,2.12
0x80c8c3dcfb854f9542567c8dac3f44d709ebc1de,0.003612
0x03be5c903c727ee2c8c4e9bc0acc860cca4715e2,0.008944
0xa4cb0dce4849bdcad2d553e9e68644cf40e26cce,0.001178
0xba100000625a3754423978a60c9317c58a424e3d,2.49
0xb23d80f5fefcddaa212212f028021b41ded428cf,7.33
0x0aa7efe4945db24d95ca6e117bba65ed326e291a,0.002443
0x8207c1ffc5b6804f6024322ccf34f29c3541ae26,0.08765
0xe5dada80aa6477e85d09747f2842f7993d0df71c,0.007881
0x505b5eda5e25a67e1c24a2bf1a527ed9eb88bf04,0.007821
0xfb130d93e49dca13264344966a611dc79a456bc5,0
0xba8a621b4a54e61c442f5ec623687e2a942225ef,0.164618
0x038a68ff68c393373ec894015816e33ad41bd564,0.007378
0xadb2437e6f65682b85f814fbc12fec0508a7b1d0,368.35
0x6286a9e6f7e745a6d884561d88f94542d6715698,0.000306
0x99fe3b1391503a1bc1788051347a1324bff41452,0.073091
0x039b5649a59967e3e936d7471f9c3700100ee1ab,9.07
0x3079f61704e9efa2bcf1db412f735d8d4cfa26f4,1.91e-06
0x3e9bc21c9b189c09df3ef1b824798658d5011937,0.005167
0x3c3a81e81dc49a522a592e7622a7e711c06bf354,0.656299
0xd850942ef8811f2a866692a623011bde52a462c1,0.02588
0x22b6c31c2beb8f2d0d5373146eed41ab9ede3caf,19.57
0x38d9eb07a7b8df7d86f440a4a5c4a4c1a27e1a08,0.053344
0x0c6f5f7d555e7518f6841a79436bd2b1eef03381,0.509325
0x2341dd0a96a0dab62aa1efb93d59ff7f3bdb8932,0.005994
0x92e187a03b6cd19cb6af293ba17f2745fd2357d5,0.000581
0xac3211a5025414af2866ff09c23fc18bc97e79b1,9.891e-05
0x0e192d382a36de7011f795acc4391cd302003606,0.019753
0xbb1ee07d6c7baeb702949904080eb61f5d5e7732,0
0x5aaefe84e0fb3dd1f0fcff6fa7468124986b91bd,0.00455
0xfa99a87b14b02e2240c79240c5a20f945ca5ef76,0.02732
0xddd6a0ecc3c6f6c102e5ea3d8af7b801d1a77ac8,0.004181
0xd47bdf574b4f76210ed503e0efe81b58aa061f3d,0.029548
0x8355dbe8b0e275abad27eb843f3eaf3fc855e525,9.62e-06
0xf1f955016ecbcd7321c7266bccfb96c68ea5e49b,0.007158
0xf1290473e210b2108a85237fbcd7b6eb42cc654f,0.009906
0xe0c8b298db4cffe05d1bea0bb1ba414522b33c1b,0.302071
0xd52aae39a2b5cc7812f7b9450ebb61dfef702b15,0.042726
0x9d79d5b61de59d882ce90125b18f74af650acb93,0.154075
0xc0f9bd5fa5698b6505f643900ffa515ea5df54a9,0.006861
0xde5ed76e7c05ec5e4572cfc88d1acea165109e44,19.25
0xbb126042235e6bd38b17744cb31a8bf4a206c045,0.011895
0x32a7c02e79c4ea1008dd6564b35f131428673c41,0.603889
0x4c9edd5852cd905f086c759e8383e09bff1e68b3,0.999463
0x249e38ea4102d0cf8264d3701f1a0e39c4f2dc3b,5.6e-07
0x50de6856358cc35f3a9a57eaaa34bd4cb707d2cd,0.003878
0xccba0b2bc4babe4cbfb6bd2f1edc2a9e86b7845f,0.003013
0x40e9187078032afe1a30cfcf76e4fe3d7ab5c6c5,0.127364
0x72b886d09c117654ab7da13a14d603001de0b777,0.062379
0xed04915c23f00a313a544955524eb7dbd823143d,0.02245
0x594daad7d77592a2b97b725a7ad59d7e188b5bfa,0.000473
0x998ffe1e43facffb941dc337dd0468d52ba5b48a,6.113e-05
0x14da7b27b2e0fedefe0a664118b0c9bc68e2e9af,0.036863
0x657b83a0336561c8f64389a6f5ade675c04b0c3b,0.004002
0xeeaa40b28a2d1b0b08f6f97bb1dd4b75316c6107,0.133144
0xe5a733681bbe6cd8c764bb8078ef8e13a576dd78,0.00461
0x3432b6a60d23ca0dfca7761b7ab56459d9c964d0,2.45
0xac0104cca91d167873b8601d2e71eb3d4d8c33e0,0.262295
0x15b7c0c907e4c6b9adaaaabc300c08991d6cea05,0.241553
