vault_address,vault_symbol,vault_name,asset_address,asset_symbol,asset_name,asset_decimals,total_assets_base_units,total_aum_usd_m,event_count
0xd9a442856c234a39a81a089c06451ebaa4306a72,pufETH,pufETH,0xC02aaA39b223FE8D0A0e5C4F27eAD9083C756Cc2,WETH,Wrapped Ether,18,497592822832165369781333,1484.29,129767
0xea1a6307d9b18f8d1cbf1c3dd6aad8416c06a221,LQIDETHFIV1,Ether.fi-Liquid1,0xC02aaA39b223FE8D0A0e5C4F27eAD9083C756Cc2,WETH,Wrapped Ether,18,147452082744945843704283,439.841,44261
0x9d39a5de30e57443bff2a8307a4256c8797a3497,sUSDe,Staked USDe,0x4c9EDD5852cd905f086C759E8383e09bff1E68B3,USDe,USDe,18,1657636065925835191023832615,1656.181,28862
0xf96798f49936efb1a56f99ceae924b6b8359affb,reALT,Restaked ALT,0xb6D149C8DdA37aAAa2F8AD0934f2e5682C35890B,STALT,Staked ALT,18,143367207568721191995479231,0,23836
0x68754d29f2e97b837cb622ccff325adac27e9977,KpufETH,Karak - pufETH,0xD9A442856C234a39a81a089C06451EBAa4306a72,pufETH,pufETH,18,19483521108708096908255,57.291,16395
0x83f20f44975d03b1b09e64809b757c47f942beea,sDAI,Savings Dai,0x6B175474E89094C44Da98b954EedeAC495271d0F,DAI,Dai Stablecoin,18,1205800882790177177470849230,1206.84,8360
0xc585df3a8c9ca0c614d023a812624be36161502b,KswETH,Karak - swETH,0xf951E335afb289353dc249e82926178EaC7DEd78,swETH,swETH,18,4691058049020962881415,14.829,6446
0x1b4d88f5f38988bea334c79f48aa69beeefe2e1e,KrswETH,Karak - rswETH,0xFAe103DC9cf190eD75350761e95403b7b8aFa6c0,rswETH,rswETH,18,6884530791624718818414,20.561,6178
0x2dabcea55a12d73191aece59f508b191fb68adac,KweETH,Karak - Wrapped eETH,0xCd5fE23C85820F7B72D0926FC9b05b43E359b7ee,weETH,Wrapped eETH,18,51964193546280175642968,161.51,4814
0xac3e018457b222d93114458476f3e3416abbe38f,sfrxETH,Staked Frax Ether,0x5E8422345238F34275888049021821E8E08CAa1f,frxETH,Frax Ether,18,157810898556842119102091,470.403,3966
0xbe3ca34d0e877a1fc889bd5231d65477779aff4e,KUSDe,Karak - USDe,0x4c9EDD5852cd905f086C759E8383e09bff1E68B3,USDe,USDe,18,70393695000562870669409573,70.332,2826
0xda0002859b2d05f66a753d8241fcde8623f26f4f,dWETHV3,Trade WETH v3,0xC02aaA39b223FE8D0A0e5C4F27eAD9083C756Cc2,WETH,Wrapped Ether,18,32778068908455887401841,97.775,2066
0x000000000077ee1fcfe351df1ff22736e995806b,cLOOKS,Compounding LOOKS,0xe7baC7d798D66D353b9e50EbFC6859950fE13Ce4,wLOOKS,Wrapped LooksRare Token,18,311206112318413298507723288,0,1810
0x6928e5947e5a9e8e57da66121037c7e8da3a5b30,K-mswETH,Karak - mswETH,0x32bd822d615A3658A68b6fDD30c2fcb2C996D678,mswETH,mswETH,18,1469040526498608732293,0,1498
0x996d67aa9b37df96428ad3608cb21352bf1fdb90,stZENT,Staked Zentry,0xdBB7a34Bf10169d6d2D0d02A6cbb436cF4381BFa,ZENT,Zentry,18,2713711909746634168861062948,0,1487
0xe4a8b89ba73517c83c4e3e6b3e2e8c5c536d2085,KezETH,Karak - Renzo Restaked ETH,0xbf5495Efe5DB9ce00f80364C8B423567e58d2110,ezETH,Renzo Restaked ETH,18,13971538593173503096841,42.189,1471
0x9a23e79a8e6d77f940f2c30eb3d9282af2e4036c,KrsETH,Karak - rsETH,0xA1290d69c65A6Fe4DF752f95823fae25cB99e5A7,rsETH,rsETH,18,4331954844708739095900,13.099,1282
0xda00000035fef4082f78def6a8903bee419fbf8e,dUSDCV3,Trade USDC v3,0xA0b86991c6218b36c1d19D4a2e9Eb0cE3606eB48,USDC,USD Coin,6,58172891756567,58.205,1214
0x86862445f58f50382c421a7bcecbcd971cc25367,bacAPE,Bend Auto-compound ApeCoin,0x4d224452801ACEd8B2F0aebE155379bb5D594381,APE,ApeCoin,18,9502664689727789962150517,6.76,1069
0xde5bff0755f192c333b126a449ff944ee2b69681,KsUSDe,Karak - Staked USDe,0x9D39A5DE30e57443BfF2A8307A4256c8797A3497,sUSDe,Staked USDe,18,31027880742807164194027211,33.66,953
0x9fb7b4477576fe5b32be4c1843afb1e55f251b33,fUSDC,Fluid USD Coin,0xA0b86991c6218b36c1d19D4a2e9Eb0cE3606eB48,USDC,USD Coin,6,73867359365217,73.908,915
0xcea18a8752bb7e7817f9ae7565328fe415c0f2ca,cvcrvUSD,Curve Vault for crvUSD,0xf939E0A03FB07F59A73314E73794Be0E57ac1b4E,crvUSD,Curve.Fi USD Stablecoin,18,1417276268439541413276449,1.415,860
0x815c23eca83261b6ec689b60cc4a58b54bc24d8d,vTHOR,vTHOR,0xa5f2211B9b8170F694421f2046281775E8468044,THOR,THORSwap Token,18,124222428932025803460700143,22.054,851
0xe24ba27551abe96ca401d39761ca2319ea14e3cb,yvAjnaDAI,Yearn-Ajna DAI Vault,0x6B175474E89094C44Da98b954EedeAC495271d0F,DAI,Dai Stablecoin,18,3167382278940210592698885,3.17,791
0x5c20b550819128074fd538edf79791733ccedd18,fUSDT,Fluid Tether USD,0xdAC17F958D2ee523a2206206994597C13D831ec7,USDT,Tether USD,6,61395679683356,0,791
0xa663b02cf0a4b149d2ad41910cb81e23e1c41c32,sFRAX,Staked FRAX,0x853d955aCEf822Db058eb8505911ED77F175b99e,FRAX,Frax,18,51658677161613342074183144,51.536,763
0x686e8500b6be8812eb198aabbbfa14c95c03fc88,xOPN,Staked Open Ecosystem Token,0xc28eb2250d1AE32c7E74CFb6d6b86afC9BEb6509,OPN,Open Ecosystem Token,18,3651217069579091163207907278,0,748
0x126d4dbf752aaf61f3eaada24ab0db84fecf6891,KwBTC,Karak - Wrapped Bitcoin,0x2260FAC5E5542a773Aa44fBCfeDf7C193bc2C599,WBTC,Wrapped BTC,8,75468167328,0,739
0xbeef01735c132ada46aa9aa4c54623caa92a64cb,steakUSDC,Steakhouse USDC,0xA0b86991c6218b36c1d19D4a2e9Eb0cE3606eB48,USDC,USD Coin,6,46294357568820,46.32,733
0x90551c1795392094fe6d29b758eccd233cfaa260,fWETH,Fluid Wrapped Ether,0xC02aaA39b223FE8D0A0e5C4F27eAD9083C756Cc2,WETH,Wrapped Ether,18,4500312122770223288406,13.424,712
0x2411802d8bea09be0af8fd8d08314a63e706b29c,fwstETH,Fluid Wrapped liquid staked Ether 2.0,0x7f39C581F595B53c5cb19bD0b3f8dA6c935E2Ca0,wstETH,Wrapped liquid staked Ether 2.0,18,13933804836207475560605,48.691,559
0x78fc2c2ed1a4cdb5402365934ae5648adad094d0,Re7WETH,Re7 WETH,0xC02aaA39b223FE8D0A0e5C4F27eAD9083C756Cc2,WETH,Wrapped Ether,18,14410000206470394351047,42.984,547
0x38989bba00bdf8181f4082995b3deae96163ac5d,bbETH,Flagship ETH,0xC02aaA39b223FE8D0A0e5C4F27eAD9083C756Cc2,WETH,Wrapped Ether,18,9838274083432273052776,29.347,539
0xa0d3707c569ff8c87fa923d3823ec5d81c98be78,iETHv2,Instadapp ETH v2,0xae7ab96520DE3A18E5e111B5EaAb095312D7fE84,stETH,Liquid staked Ether 2.0,18,37485850172267105338090,111.84,522
0x8668a15b7b023dc77b372a740fcb8939e15257cf,afCVX,Asymmetry Finance afCVX,0x4e3FBD56CD56c3e72c1403e103b45Db9da5B9D2B,CVX,Convex Token,18,2074616186812546797625172,4.585,510
0x9ba021b0a9b958b5e75ce9f6dff97c7ee52cb3e6,apxETH,Autocompounding Pirex Ether,0x04C154b66CB340F3Ae24111CC767e0184Ed00Cc6,pxETH,Pirex Ether,18,3913919847865369620492,11.653,505
0x43e54c2e7b3e294de3a155785f52ab49d87b9922,asdCRV,Aladdin sdCRV,0xD1b5651E55D4CeeD36251c61c50C889B36F6abB5,sdCRV,Stake DAO CRV,18,21717878717318743621089701,0,449
0xdef3aa48bad043e53207d359dcdfde46f50b6c02,ETH-AirPuff,ETH-AirPuff,0xC02aaA39b223FE8D0A0e5C4F27eAD9083C756Cc2,WETH,Wrapped Ether,18,593634423776007949638,1.771,441
0x4881ef0bf6d2365d3dd6499ccd7532bcdbce0658,gtLRTcore,Gauntlet LRT Core,0xC02aaA39b223FE8D0A0e5C4F27eAD9083C756Cc2,WETH,Wrapped Ether,18,4255551457437354176035,12.694,395
0x528190e5169ddd5ff72c40cea6d8ba37613143ac,KUSDC,Karak - USD Coin,0xA0b86991c6218b36c1d19D4a2e9Eb0cE3606eB48,USDC,USD Coin,6,9203104442354,9.208,343
0xa3726bedfd1a8aa696b9b4581277240028c4314b,KwstETH,Karak - Wrapped liquid staked Ether 2.0,0x7f39C581F595B53c5cb19bD0b3f8dA6c935E2Ca0,wstETH,Wrapped liquid staked Ether 2.0,18,3852326899669447168327,13.462,298
0xf9834692f0b869d80072d1b6bbaa8d06e4a1cb68,sMark,Staked Mark,0xaF1eEb83c364aD9ffeb5f97F223C1705D4810033,Mark,MoneyArk Token,9,17077049901934415,0,296
0x2b95a1dcc3d405535f9ed33c219ab38e8d7e0884,aCRV,Aladdin cvxCRV,0x62B9c7356A2Dc64a1969e19C23e4f579F9810Aa7,cvxCRV,Convex CRV,18,3821951880286656154526688,0,284
0x7c22725d1e0871f0043397c9761ad99a86ffd498,KmETH,Karak - mETH,0xd5F7838F5C461fefF7FE49ea5ebaF7728bB0ADfa,mETH,mETH,18,915974878818047724160,2.834,284
0x38ca226e5ac5c96fd9b1f1abcad65613e2108d3e,KuniETH,Karak - Universal ETH,0xF1376bceF0f78459C0Ed0ba5ddce976F1ddF51F4,uniETH,Universal ETH,18,17205654091494245507075,0,283
0x0022228a2cc5e7ef0274a7baa600d44da5ab5776,stUSD,Staked USDA,0x0000206329b97DB379d5E1Bf586BbDB969C63274,USDA,USDA,18,8060587155314254227501019,0,282
0x06470d528296bdcf5126de1cd342d1fa191103dc,xBITS,BitSwapVault,0x42496acd2c7b52CE90Ed65adA6CafB0e893e2474,BITS,BitSwap,9,25385267065252560,0,278
0x2c25f6c25770ffec5959d34b94bf898865e5d6b1,bbUSDT,Flagship USDT,0xdAC17F958D2ee523a2206206994597C13D831ec7,USDT,Tether USD,6,10726389090534,0,277
0x989ab830c6e2bdf3f28214ff54c9b7415c349a3f,KETHx,Karak - ETHx,0xA35b1B31Ce002FBF2058D22F30f95D405200A15b,ETHx,ETHx,18,100692517178928870460,0.31,249
0x0d53bc2ba508dfdf47084d511f13bb2eb3f8317b,ultraETHs,Affine ultraETHs,0x7f39C581F595B53c5cb19bD0b3f8dA6c935E2Ca0,wstETH,Wrapped liquid staked Ether 2.0,18,138048075280843913530,0.482,242
0xfaa2ed111b4f580fcb85c48e6dc6782dc5fcd7a6,stkauraBAL,Staked Aura BAL,0x616e8BfA43F920657B3497DBf40D6b1A02D4608d,auraBAL,Aura BAL,18,2369781124547584584750042,15.356,239
0x05a811275fe9b4de503b3311f51edf6a856d936e,dUSDTV3,Universal USDT v3,0xdAC17F958D2ee523a2206206994597C13D831ec7,USDT,Tether USD,6,10321093181005,0,235
0xfa35d1f603384e8fcfcbff3e610935d02922544e,apxBTRFLY,Autocompounding pxBTRFLY,0x10978Db3885bA79Bf1Bc823E108085FB88e6F02f,pxBTRFLY,Pirex BTRFLY,18,15001266533166984815778,0,232
0x8659fc767cad6005de79af65dafe4249c57927af,uCVX,Union Pirex,0xBCe0Cf87F513102F22232436CCa2ca49e815C3aC,pxCVX,Pirex CVX,18,4632829434489234978094723,0,230
0x503e0bab6acdae73ea7fb7cf6ae5792014dbe935,yvAjnaWETH,Yearn-Ajna WETH Vault,0xC02aaA39b223FE8D0A0e5C4F27eAD9083C756Cc2,WETH,Wrapped Ether,18,792557304796497963009,2.364,230
0x547213367cfb08ab418e7b54d7883b2c2aa27fd7,sUSDz,Staked USDz,0xA469B7Ee9ee773642b3e93E842e5D9b5BaA10067,USDz,USDz,18,2930704422990719314634958,0,225
0x3808708e761b988d23ae011ed0e12674fb66bd62,svXAI,SideShift SideShift Token Vault,0x35e78b3982E87ecfD5b3f3265B601c046cDBe232,XAI,SideShift Token,18,121828460498489429596615294,0,224
0x427e25f2b424acece4bd84373c6dc82d053e4b3f,xCROC,CROC Vault,0xcaa79Bf8B1d00Bf3D4f6dbEC6221955871C04618,CROC,CrocBot,18,207460023934800890572279752,0,210
0x36c2aa2830276b65b12e065aefacaade83ef4b29,K-PT-weETH-27JUN2024,Karak - PT ether.fi weETH 27JUN2024,0xc69Ad9baB1dEE23F4605a82b3354F8E40d1E5966,PT-weETH-27JUN2024,PT ether.fi weETH 27JUN2024,18,1503115545287071726640,0,208
0xa92b60b8efe9ac06ed65980a6d43e3f488a7f7bb,KUSDT,Karak - Tether USD,0xdAC17F958D2ee523a2206206994597C13D831ec7,USDT,Tether USD,6,1164970869212,0,206
0x73e4c11b670ef9c025a030a20b72cb9150e54523,saCrvUSD,Sturdy Aggregator - crvUSD,0xf939E0A03FB07F59A73314E73794Be0E57ac1b4E,crvUSD,Curve.Fi USD Stablecoin,18,1679095334563227059559449,1.676,205
0xfd6db5011b171b05e1ea3b92f9eacaeeb055e971,TurboSTETH,Turbo STETH,0xC02aaA39b223FE8D0A0e5C4F27eAD9083C756Cc2,WETH,Wrapped Ether,18,12920880974710112189866,38.542,200
0x630ed8220f9cbc98358a2e2ecb0727d7b9d61397,wWETH,Wasabi WETH Vault,0xC02aaA39b223FE8D0A0e5C4F27eAD9083C756Cc2,WETH,Wrapped Ether,18,504995482048210619986,1.506,191
0xc7372ab5dd315606db799246e8aa112405abaeff,TurboSTETH2,Turbo stETH (stETH Deposit),0xae7ab96520DE3A18E5e111B5EaAb095312D7fE84,stETH,Liquid staked Ether 2.0,18,1807925426619982319106,5.394,188
0x991fc0b9f027a80e2d642eb260a41ffc14b2f450,YieldMaxiUSD,Yield Maxi USD,0xA0b86991c6218b36c1d19D4a2e9Eb0cE3606eB48,USDC,USD Coin,6,325888449282,0.326,187
0x082a5743aadf3d0daf750eef24652b36a68b1e9c,ysyvAjnaDAI,yvAjnaDAI-harvester,0xe24BA27551aBE96Ca401D39761cA2319Ea14e3CB,yvAjnaDAI,Yearn-Ajna DAI Vault,18,2799148107068091994694103,0,187
0x7ceba0caec8cbe74db35b26d7705ba68cb38d725,pop-rsETH,Popcorn rsETH Vault,0xA1290d69c65A6Fe4DF752f95823fae25cB99e5A7,rsETH,rsETH,18,393923614400501483023,1.191,185
0xf6fe643cb8dcc3e379cdc6db88818b09fdf2200d,vc-rsETH,VaultCraft rsETH Adapter,0xA1290d69c65A6Fe4DF752f95823fae25cB99e5A7,rsETH,rsETH,18,393923614400501483023,1.191,185
0x95eef579155cd2c5510f312c8fa39208c3be01a8,Re7USDT,Re7 USDT,0xdAC17F958D2ee523a2206206994597C13D831ec7,USDT,Tether USD,6,3204650751067,0,183
0xe1a3864dbf62fb94834b108ff6bf439ce70183ac,vXDEFI,vXDEFI,0x72B886d09C117654aB7dA13A14d603001dE0B777,XDEFI,XDEFI,18,34492159758329191687886094,2.096,183
0x186514400e52270cef3d80e1c6f8d10a75d47344,bbUSDC,Flagship USDC,0xA0b86991c6218b36c1d19D4a2e9Eb0cE3606eB48,USDC,USD Coin,6,2543475971114,2.545,178
0xb5b29320d2dde5ba5bafa1ebcd270052070483ec,YieldETH,Real Yield ETH,0xC02aaA39b223FE8D0A0e5C4F27eAD9083C756Cc2,WETH,Wrapped Ether,18,16222312865031515929695,48.39,177
0xbe53a109b494e5c9f97b9cd39fe969be68bf6204,yvUSDC-1,USDC-1 yVault,0xA0b86991c6218b36c1d19D4a2e9Eb0cE3606eB48,USDC,USD Coin,6,2327464621068,2.329,176
0x2371e134e3455e0593363cbf89d3b6cf53740618,gtWETH,Gauntlet WETH Prime,0xC02aaA39b223FE8D0A0e5C4F27eAD9083C756Cc2,WETH,Wrapped Ether,18,5496033507043762536817,16.394,175
0x5ae28c9197a4a6570216fc7e53e7e0221d7a0fef,cvcrvUSD,Curve Vault for crvUSD,0xf939E0A03FB07F59A73314E73794Be0E57ac1b4E,crvUSD,Curve.Fi USD Stablecoin,18,5622019309745937506949403,5.611,169
0xdadc82e26b3739750e036dfd9defd3ed459b877a,TurboEETH,Turbo EETH,0xC02aaA39b223FE8D0A0e5C4F27eAD9083C756Cc2,WETH,Wrapped Ether,18,104312672726858810248,0.311,167
0xdd0f28e19c1780eb6396170735d45153d261490d,gtUSDC,Gauntlet USDC Prime,0xA0b86991c6218b36c1d19D4a2e9Eb0cE3606eB48,USDC,USD Coin,6,19253419566914,19.264,165
0x8eb67a509616cd6a7c1b3c8c21d48ff57df3d458,gtUSDCcore,Gauntlet USDC Core,0xA0b86991c6218b36c1d19D4a2e9Eb0cE3606eB48,USDC,USD Coin,6,21359499145867,21.371,160
0x397b8c79bca182e25474ea46051a2b460c0985bc,stDODO,Staked DODO,0x43Dfc4159D86F3A37A5A4B3D4580b888ad7d4DDd,DODO,DODO bird,18,91070682509515104403125221,10.1,156
0x583019ff0f430721ada9cfb4fac8f06ca104d0b4,st-yETH,Staked Yearn Ether,0x1BED97CBC3c24A4fb5C069C6E311a967386131f7,yETH,Yearn Ether,18,4743355370951390803208,0,154
0x4d56c9cba373ad39df69eb18f076b7348000ae09,dGHOV3,GHO v3,0x40D16FC0246aD3160Ccc09B8D0D3A2cD28aE6C2f,GHO,Gho Token,18,2177640830735857425631125,2.178,152
0x028ec7330ff87667b6dfb0d94b954c820195336c,yvDAI-1,DAI-1 yVault,0x6B175474E89094C44Da98b954EedeAC495271d0F,DAI,Dai Stablecoin,18,2783137005586112403356317,2.786,150
0x1751e1e4d2c9fa99479c0c5574136f0dbd8f3eb8,KsfrxETH,Karak - Staked Frax Ether,0xac3E018457B222d93114458476f3E3416Abbe38F,sfrxETH,Staked Frax Ether,18,1360508937588600618325,0,149
0xe7146f53dbcae9d6fa3555fe502648deb0b2f823,dDAIV3,DAI v3,0x6B175474E89094C44Da98b954EedeAC495271d0F,DAI,Dai Stablecoin,18,8582890821664948155966080,8.59,147
0x622fa41799406b120f9a40da843d358b7b2cfee3,yG-yvUSDC-1,yGauge USDC-1 yVault,0xBe53A109B494E5c9f97b9Cd39Fe969BE68BF6204,yvUSDC-1,USDC-1 yVault,6,444578277417,0,145
0x80ac24aa929eaf5013f6436cda2a7ba190f5cc0b,syrupUSDC,Syrup USDC,0xA0b86991c6218b36c1d19D4a2e9Eb0cE3606eB48,USDC,USD Coin,6,6318090500425,6.322,144
0x7586c58bf6292b3c9defc8333fc757d6c5da0f7e,cvcrvUSD,Curve Vault for crvUSD,0xf939E0A03FB07F59A73314E73794Be0E57ac1b4E,crvUSD,Curve.Fi USD Stablecoin,18,472375707140904686669317,0.471,141
0xbeef047a543e45807105e51a8bbefcc5950fcfba,steakUSDT,Steakhouse USDT,0xdAC17F958D2ee523a2206206994597C13D831ec7,USDT,Tether USD,6,4739813043694,0,128
0x004626a008b1acdc4c74ab51644093b155e59a23,stEUR,Staked EURA,0x1a7e4e63778B4f12a199C062f3eFdD288afCBce8,EURA,EURA (previously agEUR),18,5352419886650295202030249,0,126
0xc067dce92f48f967da11f03c7f2f06cc9ceab1eb,FS_20230712_xxxxxx,FS_20230712_xxxxxx,0x3231Cb76718CDeF2155FC47b5286d82e6eDA273f,EURe,Monerium EUR emoney,18,44833066264750253799174,0.049,124
0x89d80f5e9bc88d8021b352064ae73f0eaf79ebd8,Re7USDA,Re7 USDA,0x0000206329b97DB379d5E1Bf586BbDB969C63274,USDA,USDA,18,4204472983765254535387093,0,124
0x3d9ebe3161778c4831f6f7a6d9263f031285f976,K-mstETH,Karak - mstETH,0x49446A0874197839D15395B908328a74ccc96Bc0,mstETH,mstETH,18,630508172789327179352,0,122
0x67315dd969b8cd3a3520c245837bf71f54579c75,llama-crvUSD,LlamaRisk crvUSD Vault,0xf939E0A03FB07F59A73314E73794Be0E57ac1b4E,crvUSD,Curve.Fi USD Stablecoin,18,2164726736673859995180904,2.161,121
0x1dffb366b5c5a37a12af2c127f31e8e0ed86bdbe,TurboRSETH,Turbo RSETH,0xC02aaA39b223FE8D0A0e5C4F27eAD9083C756Cc2,WETH,Wrapped Ether,18,78016160033486086569,0.233,121
0xff467c6e827ebbea64da1ab0425021e6c89fbe0d,cvcrvUSD,Curve Vault for crvUSD,0xf939E0A03FB07F59A73314E73794Be0E57ac1b4E,crvUSD,Curve.Fi USD Stablecoin,18,3264468198982983086022048,3.258,118
0x06824c27c8a0dbde5f72f770ec82e3c0fd4dcec3,amphrLRT,Amphor Symbiotic LRT (WSTETH),0x7f39C581F595B53c5cb19bD0b3f8dA6c935E2Ca0,wstETH,Wrapped liquid staked Ether 2.0,18,10000000000000000,0,117
0xdcee70654261af21c44c093c300ed3bb97b78192,WOETH,Wrapped OETH,0x856c4Efb76C1D1AE02e20CEB03A2A6a08b0b8dC3,OETH,Origin Ether,18,3075638605107658208015,9.121,115
0x4ca0e178c94f039d7f202e09d8d1a655ed3fb6b6,USDC RWA,LeadBlock USDC RWA,0xA0b86991c6218b36c1d19D4a2e9Eb0cE3606eB48,USDC,USD Coin,6,4957166860729,4.96,112
0xc56413869c6cdf96496f2b1ef801fedbdfa7ddb0,yvWETH-1,WETH-1 yVault,0xC02aaA39b223FE8D0A0e5C4F27eAD9083C756Cc2,WETH,Wrapped Ether,18,622983687340076868989,1.858,109
0x8fb1c7aedcbbc1222325c39dd5c1d2d23420cae3,cvcrvUSD,Curve Vault for crvUSD,0xf939E0A03FB07F59A73314E73794Be0E57ac1b4E,crvUSD,Curve.Fi USD Stablecoin,18,7591437657026831328037115,7.577,109
0x7bdd71e46d602916c065b027028df686a27d5cb2,vcAu-BAL-20WETH-80VCX,VaultCraft Aura Balancer 20 WETH 80 VCX Adapter,0x577A7f7EE659Aa14Dc16FD384B3F8078E23F1920,BAL-20WETH-80VCX,Balancer 20 WETH 80 VCX,18,1061944058344077393464981,0,107
0x99a53fab6fbd1eacb59ae998da2dbf130be94c38,pop-BAL-20WETH-80VCX,Popcorn Balancer 20 WETH 80 VCX Vault,0x577A7f7EE659Aa14Dc16FD384B3F8078E23F1920,BAL-20WETH-80VCX,Balancer 20 WETH 80 VCX,18,1061944058344077393464980,0,107
0xcf1110bca74890eae1aad534ec3a03f16956ebeb,K-PT-rswETH-27JUN2024,Karak - PT rswETH 27JUN2024,0x5cb12D56F5346a016DBBA8CA90635d82e6D1bcEa,PT-rswETH-27JUN2024,PT rswETH 27JUN2024,18,565680134792369266138,0,105
0xbeef050ecd6a16c4e7bffbb52ebba7846c4b8cd4,steakETH,Steakhouse ETH,0xC02aaA39b223FE8D0A0e5C4F27eAD9083C756Cc2,WETH,Wrapped Ether,18,50530764865072525214,0.151,105
0x125d41a6e5dbf455cd9df8f80bcc6fd172d52cc6,gtUSDAcore,Gauntlet USDA Core,0x0000206329b97DB379d5E1Bf586BbDB969C63274,USDA,USDA,18,10567725213382445502593872,0,102
0x6557e7f2d3a0ecb3468b5601a8e1b6c0cd6e910d,K-PT-rsETH-27JUN2024,Karak - PT Kelp rsETH 27JUN2024,0xB05cABCd99cf9a73b19805edefC5f67CA5d1895E,PT-rsETH-27JUN2024,PT Kelp rsETH 27JUN2024,18,728599957782396881285,0,101
0x128e72dfd8b00cbf9d12cb75e846ac87b83ddfc9,yG-yvDAI-1,yGauge DAI-1 yVault,0x028eC7330ff87667b6dfb0D94b954c820195336c,yvDAI-1,DAI-1 yVault,18,702381257635585900812000,0,93
0xcfb23d05f32ea0be0dbb5078d189cca89688945e,REDACT-agg,Redacted pxETH aggregator,0x04C154b66CB340F3Ae24111CC767e0184Ed00Cc6,pxETH,Pirex Ether,18,1102599884805097521431,3.283,92
0xbd564bfe6f2366336ecd707862eda79b97bce383,SWELL-agg,Swell aggregator,0xC02aaA39b223FE8D0A0e5C4F27eAD9083C756Cc2,WETH,Wrapped Ether,18,176291331473721485824,0.526,88
0xbde752ef69880c00a795d88438040b8f737eb254,sw-uniBTC,Spectra ERC4626 Wrapper: uniBTC,0x2260FAC5E5542a773Aa44fBCfeDf7C193bc2C599,WBTC,Wrapped BTC,8,4901565727,0,87
0x11aae8bee9b1da827c641540d20e4e664677e06f,yvyPRISMA-1,yPRISMA-1 yVault,0xe3668873D944E4A949DA05fc8bDE419eFF543882,yPRISMA,Yearn PRISMA,18,5251200012784374720820852,0,87
0x8e475a4f7820a4b6c0ff229f74fb4762f0813c47,KrETH,Karak - Rocket Pool ETH,0xae78736Cd615f374D3085123A210448E74Fc6393,rETH,Rocket Pool ETH,18,572586446259509318590,1.912,86
0xede905b2732ffcb73b95f5facb2a0f241b30bd50,swpWETH,Swaap WETH Fund,0xC02aaA39b223FE8D0A0e5C4F27eAD9083C756Cc2,WETH,Wrapped Ether,18,277576123314517655568,0.828,85
0x6130e6cd924a40b24703407f246966d7435d4998,yG-lp-yPRISMA,yGauge LP Yearn PRISMA Vault,0xbA61BaA1D96c2F4E25205B331306507BcAeA4677,lp-yPRISMA,LP Yearn PRISMA Vault,18,581974735809653090893285,0,85
0xccd37eb6374ae5b1f0b85ac97eff14770e0d0063,cvcrvUSD,Curve Vault for crvUSD,0xf939E0A03FB07F59A73314E73794Be0E57ac1b4E,crvUSD,Curve.Fi USD Stablecoin,18,2978407394513175667314131,2.973,84
0xbd32b8aa6ff34bedc447e503195fb2524c72658f,KcbETH,KcbETH,0xBe9895146f7AF43049ca1c1AE358B0541Ea49704,cbETH,Coinbase Wrapped Staked ETH,18,765570903883733228194,0,83
0x3e49e9c890cd5b015a18ed76e7a4093f569f1a04,xGET,xGET,0x8a854288a5976036A725879164Ca3e91d30c6A1B,GET,GET,18,2213571962633020139496071,0,82
0x5943f7090282eb66575662eadf7c60a717a7ce4d,yG-yvWETH-1,yGauge WETH-1 yVault,0xc56413869c6CDf96496f2b1eF801fEDBdFA7dDB0,yvWETH-1,WETH-1 yVault,18,114884369716157622157,0,81
0x8cb3649114051ca5119141a34c200d65dc0faa73,gtUSDT,Gauntlet USDT Prime,0xdAC17F958D2ee523a2206206994597C13D831ec7,USDT,Tether USD,6,5104356502498,0,80
0xc39a5a616f0ad1ff45077fa2de3f79ab8eb8b8b9,MPLhysUSDC1,High Yield Secured Lending Maple Pool USDC1,0xA0b86991c6218b36c1d19D4a2e9Eb0cE3606eB48,USDC,USD Coin,6,31315045084046,31.332,79
0xb2b23c87a4b6d1b03ba603f7c3eb9a81fdc0aac9,cvcrvUSD,Curve Vault for crvUSD,0xf939E0A03FB07F59A73314E73794Be0E57ac1b4E,crvUSD,Curve.Fi USD Stablecoin,18,2511329897071699889019323,2.507,77
0x8cf1de26729cfb7137af1a6b2a665e099ec319b5,cvcrvUSD,Curve Vault for crvUSD,0xf939E0A03FB07F59A73314E73794Be0E57ac1b4E,crvUSD,Curve.Fi USD Stablecoin,18,4874087775874662847348578,4.865,77
0xda00010eda646913f273e10e7a5d1f659242757d,dWBTCV3,Trade WBTC v3,0x2260FAC5E5542a773Aa44fBCfeDf7C193bc2C599,WBTC,Wrapped BTC,8,1863846899,0,76
0x0274a704a6d9129f90a62ddc6f6024b33ecdad36,YieldBTC,Real Yield BTC,0x2260FAC5E5542a773Aa44fBCfeDf7C193bc2C599,WBTC,Wrapped BTC,8,20848253029,0,75
0x0e1a341e0527287318c1a6643bb88c760038e0b0,dAPE,dAPE,0x4d224452801ACEd8B2F0aebE155379bb5D594381,APE,ApeCoin,18,1476743136000000000000000,1.051,73
0x07d1718ff05a8c53c8f05adaed57c0d672945f9a,arUSD,Aladdin rUSD,0x65D72AA8DA931F047169112fcf34f52DbaAE7D18,rUSD,f(x) rUSD,18,2456684463938154839714763,0,72
0x4c406c068106375724275cbff028770c544a1333,scWETHv2,Sandclock WETH Vault v2,0xC02aaA39b223FE8D0A0e5C4F27eAD9083C756Cc2,WETH,Wrapped Ether,18,334793779565189024939,0.999,72
0xb45ad160634c528cc3d2926d9807104fa3157305,sDOLA,Staked Dola,0x865377367054516e17014CcdED1e7d814EDC9ce4,DOLA,Dola USD Stablecoin,18,1407636307020589451344874,0,71
0xf7e20d67abd4923b4b48320a22a1e81887291296,YieldMaxiUSDT,Yield Maxi USDT,0xdAC17F958D2ee523a2206206994597C13D831ec7,USDT,Tether USD,6,200700005446,0,70
0x9a7b4980c6f0fcaa50cd5f288ad7038f434c692e,TurboEETH,Turbo EETH,0xC02aaA39b223FE8D0A0e5C4F27eAD9083C756Cc2,WETH,Wrapped Ether,18,7658270393710884551,0.023,70
0x2f79d4ceb79ebd26161e51ca0c9300f970ded54d,waUSDC,Wrapped aUSDC,0xA0b86991c6218b36c1d19D4a2e9Eb0cE3606eB48,USDC,USD Coin,6,522902323700,0.523,68
0x2fc1e74bc8a6d15fe768c10c2ede7d6d95ec27e9,thWAR,Tholgar Warlord Vault,0xa8258deE2a677874a48F5320670A869D74f0cbC1,WAR,Warlord token,18,247415565295736203323850,0,68
0x48afbbd342f64ef8a9ab1c143719b63c2ad81710,mpETH,MetaPoolETH,0xC02aaA39b223FE8D0A0e5C4F27eAD9083C756Cc2,WETH,Wrapped Ether,18,840750920524225917999,2.508,68
0x1576b2d7ef15a2ebe9c22c8765dd9c1efea8797b,saEthPyUSD,Static Aave Ethereum pyUSD,0x6c3ea9036406852006290770BEdFcAbA0e23A0e8,PYUSD,PayPal USD,6,9445365019273,0,66
0x5195222f69c5821f8095ec565e71e18ab6a2298f,TurboSOMM,Turbo SOMM,0xa670d7237398238DE01267472C6f13e5B8010FD1,somm,somm,6,1128198689975,0,65
0xa94ec39c91df334dcab55adaa8edd9c1daf67ca7,sw-stkGHO,Spectra ERC4626 Wrapper: stk GHO,0x40D16FC0246aD3160Ccc09B8D0D3A2cD28aE6C2f,GHO,Gho Token,18,3782392935465806822846498,3.784,65
0xb974598227660befe79a23dfc473d859602254ac,ysyvAjnaWETH,yvAjnaWeth-compounder,0x503e0BaB6acDAE73eA7fb7cf6Ae5792014dbe935,yvAjnaWETH,Yearn-Ajna WETH Vault,18,732056473667042676887,0,63
0x107717c98c8125a94d3d2cc82b86a1b705f3a27c,yG-lp-yCRVv2,yGauge LP Yearn CRV Vault v2,0x6E9455D109202b426169F0d8f01A3332DAE160f3,lp-yCRVv2,LP Yearn CRV Vault v2,18,1689125514717527636432767,0,61
0xd0454428ecd868a9ac615125fcbdb5da9027436e,VAT,Nontransferable Vault Token,0x655eDCE464CC797526600a462A8154650EEe4B77,ClipperLP,Clipper LP Token,18,1958973293130820019536476,0,61
0xb0903ab70a7467ee5756074b31ac88aebb8fb777,aCVX,Aladdin CVX,0x4e3FBD56CD56c3e72c1403e103b45Db9da5B9D2B,CVX,Convex Token,18,21605401875225156222557,0.048,61
0x92545bce636e6ee91d88d2d017182cd0bd2fc22e,yvDAI-2,DAI-2 yVault,0x6B175474E89094C44Da98b954EedeAC495271d0F,DAI,Dai Stablecoin,18,1650634776801458738918966,1.652,60
0xb9a94f6d16b6c4635341fd4ed969f247ef7ed88a,K-PT-weETH-26DEC2024,Karak - PT ether.fi weETH 26DEC2024,0x6ee2b5E19ECBa773a352E5B21415Dc419A700d1d,PT-weETH-26DEC2024,PT ether.fi weETH 26DEC2024,18,7755294085637325785720,0,59
0xcdd374f491fbf3f4fcf6e9023c99043774005137,ciETH,CIAN ETH-stETH strategy pool,0xae7ab96520DE3A18E5e111B5EaAb095312D7fE84,stETH,Liquid staked Ether 2.0,18,1219907889849547397283,3.64,59
0xe079dbdb0e63a991db5b7046db79651e4c726f44,USDC-AirPuff,USDC-AirPuff,0xA0b86991c6218b36c1d19D4a2e9Eb0cE3606eB48,USDC,USD Coin,6,32630159281,0.033,56
0xb6548e13569fd303cca508d771ada0890d9d83e7,sNUKEMUSDT,NUKEM/Tether USD Staked,0x51015f4FeFE3366c6F62539140149F8088888888,NUKEM,NUKEM,9,174716568908987244,0,55
0x866d8a151d978fe7f05662ce19ae17ff79b55874,KsFRAX,Karak - Staked Frax,0xA663B02CF0a4b149d2aD41910CB81e23e1c41c32,sFRAX,Staked FRAX,18,3248206089371334785857640,0,54
0x8ce6936845b85412b4bd7ec9458ebcb8703a326b,KsDAI,Karak - Savings Dai,0x83F20F44975D03b1b09e64809B757c47f942BEeA,sDAI,Savings Dai,18,11485730617902062663183613,0,52
0x437d41b2ebef15a91618f4bf010fa4751bb48be6,yv-ajna-apxeth-weth,Yearn-Ajna Pool apxETH/WETH Vault,0xC02aaA39b223FE8D0A0e5C4F27eAD9083C756Cc2,WETH,Wrapped Ether,18,581210617589804707644,1.734,52
0x434e7ea9bc77c93c3f4680862281603338c7ae02,pop-wstETH,Popcorn Wrapped liquid staked Ether 2.0 Vault,0x7f39C581F595B53c5cb19bD0b3f8dA6c935E2Ca0,wstETH,Wrapped liquid staked Ether 2.0,18,42155175147162318764,0.147,51
0x9e0c5d524dc3ff0aa734c52aa57ab623436364e6,vc-ion-wstETH,VaultCraft IonDepositor Wrapped liquid staked Ether 2.0 Adapter,0x7f39C581F595B53c5cb19bD0b3f8dA6c935E2Ca0,wstETH,Wrapped liquid staked Ether 2.0,18,42155175147162318765,0.147,51
0xa5ccbd739e7f5662b95d269ee9a48a37cbfb88bc,KapxETH,Karak - Autocompounding Pirex Ether,0x9Ba021B0a9b958B5E75cE9f6dff97C7eE52cb3E6,apxETH,Autocompounding Pirex Ether,18,762588946882482017541,0,51
0x27500de405a3212d57177a789e30bb88b0adbec5,TurboEZETH,Turbo EZETH,0xC02aaA39b223FE8D0A0e5C4F27eAD9083C756Cc2,WETH,Wrapped Ether,18,136531195258116509621,0.407,50
0x8ef73f036feec873d0b2fd20892215df5b8bdd72,dcrvUSDV3,crvUSD v3,0xf939E0A03FB07F59A73314E73794Be0E57ac1b4E,crvUSD,Curve.Fi USD Stablecoin,18,3609739338205442790577883,3.603,49
0x52096539ed1391cb50c6b9e4fd18afd2438ed23b,cvcrvUSD,Curve Vault for crvUSD,0xf939E0A03FB07F59A73314E73794Be0E57ac1b4E,crvUSD,Curve.Fi USD Stablecoin,18,170104101156826906315857,0.17,48
0x47657094e3af11c47d5ef4d3598a1536b394eec4,ultraETH,Affine ultraETH,0xae7ab96520DE3A18E5e111B5EaAb095312D7fE84,stETH,Liquid staked Ether 2.0,18,37605455229469217377,0.112,46
0x0a36f9565c6fb862509ad8d148941968344a55d8,sQuartz,Staked Quartz,0xbA8A621b4a54e61C442F5Ec623687e2a942225ef,QUARTZ,Sandclock,18,948649028257652202116416,0,45
0x4a7999c55d3a93daf72ea112985e57c2e3b9e95d,cvcrvUSD,Curve Vault for crvUSD,0xf939E0A03FB07F59A73314E73794Be0E57ac1b4E,crvUSD,Curve.Fi USD Stablecoin,18,3763200741803199956222791,3.756,44
0xd33dad974b938744dac81fe00ac67cb5aa13958e,TurboSWETH,Turbo SWETH,0xC02aaA39b223FE8D0A0e5C4F27eAD9083C756Cc2,WETH,Wrapped Ether,18,46507019549364091197,0.139,43
0xe7f878f31fe1c2c2223259685255e45c475b4b8f,yield-steakLRT,STETH YIELD LAYER VAULT STEAKHOUSE,0xae7ab96520DE3A18E5e111B5EaAb095312D7fE84,stETH,Liquid staked Ether 2.0,18,56567982409410798808,0.169,41
0x2791eb5807d69fe10c02eed6b4dc12bac0701744,ampr-LP-ETH,Amphor Synthetic LP-IL Hedged (WSTETH),0x7f39C581F595B53c5cb19bD0b3f8dA6c935E2Ca0,wstETH,Wrapped liquid staked Ether 2.0,18,8277610456748813465,0.029,41
0x500331c9ff24d9d11aee6b07734aa72343ea74a5,gtDAIcore,Gauntlet DAI Core,0x6B175474E89094C44Da98b954EedeAC495271d0F,DAI,Dai Stablecoin,18,167449370840952186074367,0.168,41
0xbdb97ec319c41c6fa383e94ece6bdf383dfc7be4,ysUSDC,Aave V3 USDC Lender,0xA0b86991c6218b36c1d19D4a2e9Eb0cE3606eB48,USDC,USD Coin,6,1258181881189,1.259,40
0xcf4b531b4cde95bd35d71926e09b2b54c564f5b6,MaxMorphoETH,Morpho ETH Maximizer,0xC02aaA39b223FE8D0A0e5C4F27eAD9083C756Cc2,WETH,Wrapped Ether,18,58579674123014394715,0.175,39
0x28da6de3e804bddf0ad237cfa6048f2930d0b4dc,yG-yvCurve-dYFIETH-f-f,yGauge Curve dYFIETH-f Factory yVault,0xf70B3F1eA3BFc659FFb8b27E84FAE7Ef38b5bD3b,yvCurve-dYFI-ETH-f,Curve dYFI-ETH Factory yVault,18,33267320328540739997,0,39
0xe3267a9ff2d38b748b6aa202e006f7d94ca22df3,vc-WETH,VaultCraft Wrapped Ether Adapter,0xC02aaA39b223FE8D0A0e5C4F27eAD9083C756Cc2,WETH,Wrapped Ether,18,6354281823350725807,0.019,39
0xa5269a8e31b93ff27b887b56720a25f844db0529,maUSDC,Morpho-Aave USD Coin Supply Vault,0xA0b86991c6218b36c1d19D4a2e9Eb0cE3606eB48,USDC,USD Coin,6,940968670496,0.941,39
0xc1dd3f011290f212227170f0d02f511ebf57e433,MPLdirUSDC1,Maple Direct USDC1,0xA0b86991c6218b36c1d19D4a2e9Eb0cE3606eB48,USDC,USD Coin,6,32785585395998,32.804,39
0xe1489af32c45c51f94acdb3f36b7032a82f6f55d,pop-WETH,Popcorn Wrapped Ether Vault,0xC02aaA39b223FE8D0A0e5C4F27eAD9083C756Cc2,WETH,Wrapped Ether,18,6354281823350725806,0.019,39
0xa84397004abe8229cc481ce91ba850ecd8204822,vc-ion-wstETH,VaultCraft IonDepositor Wrapped liquid staked Ether 2.0 Adapter,0x7f39C581F595B53c5cb19bD0b3f8dA6c935E2Ca0,wstETH,Wrapped liquid staked Ether 2.0,18,43651914968463630819,0.153,38
0xa48d49f63dfc185cdd409b65f042955f509d9658,pop-wstETH,Popcorn Wrapped liquid staked Ether 2.0 Vault,0x7f39C581F595B53c5cb19bD0b3f8dA6c935E2Ca0,wstETH,Wrapped liquid staked Ether 2.0,18,43651914968463630818,0.153,38
0x19b8d8fc682fc56fbb42653f68c7d48dd3fe597e,TurboETHX,Turbo ETHX,0xC02aaA39b223FE8D0A0e5C4F27eAD9083C756Cc2,WETH,Wrapped Ether,18,14480617195705057790,0.043,37
0x57f5e098cad7a3d1eed53991d4d66c45c9af7812,wUSDM,Wrapped Mountain Protocol USD,0x59D9356E565Ab3A36dD77763Fc0d87fEaf85508C,USDM,Mountain Protocol USD,18,3679580848955419964443200,0,36
0x21cf1c5dc48c603b89907fe6a7ae83ea5e3709af,cvcrvUSD,Curve Vault for crvUSD,0xf939E0A03FB07F59A73314E73794Be0E57ac1b4E,crvUSD,Curve.Fi USD Stablecoin,18,2076965416163556262854418,2.073,36
0x81d93531720d86f0491dee7d03f30b3b5ac24e59,yG-yvCurve-yETH-f,yGauge Curve yETH Factory yVault,0x58900d761Ae3765B75DDFc235c1536B527F25d8F,yvCurve-yETH-f,Curve yETH Factory yVault,18,714643965110832428506,0,35
0x7ee351aa702c8fc735d77fb229b7676ac15d7c79,ysUSDC,Compound V3 USD Lender,0xA0b86991c6218b36c1d19D4a2e9Eb0cE3606eB48,USDC,USD Coin,6,742220646472,0.743,34
0x04aebe2e4301cdf5e9c57b01ebdfe4ac4b48dd13,yvmkUSD-A,mkUSD yVault-A,0x4591DBfF62656E7859Afe5e45f6f47D3669fBB28,mkUSD,Prisma mkUSD,18,184922138649934820110169,0,33
0xd2efb90c569ebd5b83d5cfb8632322edfac203a5,ysWETH,Aave V3 WETH Lender,0xC02aaA39b223FE8D0A0e5C4F27eAD9083C756Cc2,WETH,Wrapped Ether,18,29800973347796156831,0.089,33
0xa5e0163f778b05a522df8fe374f15d4ffbe54c2a,wstACME,Wrapped Staked ACME,0x7AC168c81F4F3820Fa3F22603ce5864D6aB3C547,stACME,Staked ACME,8,1436167629358511,0,33
0x07a319a023859bbd49cc9c38ee891c3ea9283cc5,auraweETH/rETH-vault,Balancer weETH/rETH StablePool Aura Deposit Vault,0x05ff47AFADa98a98982113758878F9A8B9FddA0a,weETH/rETH,Balancer weETH/rETH StablePool,18,1956956979903749135661,0,32
0x8d48b8d948726d4636aa15a9d6124422f461e153,wMog,Wasabi Mog Vault,0xaaeE1A9723aaDB7afA2810263653A34bA2C21C7a,Mog,Mog Coin,18,186095440008886873089129290863,0,32
0x096697720056886b905d0deb0f06affb8e4665e5,scUSDC,Sandclock Yield USDC,0xA0b86991c6218b36c1d19D4a2e9Eb0cE3606eB48,USDC,USD Coin,6,1141268934447,1.142,32
0x04bb50329a1b7d943e7fd2368288b674c8180d5e,KwBETH,Karak - Wrapped Binance Beacon ETH,0xa2E3356610840701BDf5611a53974510Ae27E2e1,wBETH,Wrapped Binance Beacon ETH,18,68536951898542047416,0,32
0x2ca52c78d7932e285f2ea5928fb7251baec3f166,SOMM-agg,Sommelier aggregator,0xC02aaA39b223FE8D0A0e5C4F27eAD9083C756Cc2,WETH,Wrapped Ether,18,306464917920362586,0.001,31
0xdbe19d1c3f21b1bb250ca7bdae0687a97b5f77e6,FRAXI,FRAXIMAL,0x853d955aCEf822Db058eb8505911ED77F175b99e,FRAX,Frax,18,308314325115782271597663,0.308,31
0x59fd900ca80bf914374aafb1d16ab12ae1234f77,pop-primeETH,Popcorn Prime Staked ETH Vault,0x6ef3D766Dfe02Dc4bF04aAe9122EB9A0Ded25615,primeETH,Prime Staked ETH,18,11093497406377102919,0,30
0xbd4458cfa154ea9ade45baf4da6136cbc3a70f9f,vc-primeETH,VaultCraft Prime Staked ETH Adapter,0x6ef3D766Dfe02Dc4bF04aAe9122EB9A0Ded25615,primeETH,Prime Staked ETH,18,11093497406377102919,0,30
0xfe119e9c24ab79f1bdd5dd884b86ceea2ee75d92,MPLcashUSDC,Maple Cash USDC1,0xA0b86991c6218b36c1d19D4a2e9Eb0cE3606eB48,USDC,USD Coin,6,20488894373467,20.5,28
0x23ee3d14f09946a084350cc6a7153fc6eb918817,ysWETH,Compound V3 WETH Lender,0xC02aaA39b223FE8D0A0e5C4F27eAD9083C756Cc2,WETH,Wrapped Ether,18,516046312725500533895,1.539,28
0xbeef02e5e13584ab96848af90261f0c8ee04722a,steakPYUSD,Steakhouse PYUSD,0x6c3ea9036406852006290770BEdFcAbA0e23A0e8,PYUSD,PayPal USD,6,12161249970272,0,28
0x48302ba7bcdf2bd59d20f8893c0f11b431a3be24,coveYFI-gauge,Cove YFI Cove Rewards Gauge,0xFf71841EeFca78a64421db28060855036765c248,coveYFI,Cove YFI,18,49336483260149919530,0,27
0x6c1edce139291af5b84fb1e496c9747f83e876c9,TurboDIVETH,Turbo DIVETH,0x1E19CF2D73a72Ef1332C882F20534B6519Be0276,B-rETH-STABLE,Balancer rETH Stable Pool,18,168154856074784932515,0,27
0xac37729b76db6438ce62042ae1270ee574ca7571,yvWETH-2,WETH-2 yVault,0xC02aaA39b223FE8D0A0e5C4F27eAD9083C756Cc2,WETH,Wrapped Ether,18,474518318359501594965,1.415,26
0xdd1fe5ad401d4777ce89959b7fa587e569bf125d,auraB-rETH-STABLE-vault,Balancer rETH Stable Pool Aura Deposit Vault,0x1E19CF2D73a72Ef1332C882F20534B6519Be0276,B-rETH-STABLE,Balancer rETH Stable Pool,18,14673865721212835177883,0,25
0x093cb4f405924a0c468b43209d5e466f1dd0ac7d,saEthUSDC,Static Aave Ethereum USDC,0xA0b86991c6218b36c1d19D4a2e9Eb0cE3606eB48,USDC,USD Coin,6,38531133,0,25
0x97da68b0531350c2d7b1e8309f2f3f7889983cbd,stvltwenSVLT,WEN SVLT Stake Vault,0xae7ab96520DE3A18E5e111B5EaAb095312D7fE84,stETH,Liquid staked Ether 2.0,18,6107327082225831691,0.018,24
0xc687141c18f20f7ba405e45328825579fddd3195,cvcrvUSD,Curve Vault for crvUSD,0xf939E0A03FB07F59A73314E73794Be0E57ac1b4E,crvUSD,Curve.Fi USD Stablecoin,18,1946337195599428243122670,1.943,24
0x6ea41486a8f21eed7b20afdb681b90a5b6c6d029,aurapufETH/wstETH-vault,Balancer pufETH/wstETH Aura Deposit Vault,0x63E0d47A6964aD1565345Da9bfA66659F4983F02,pufETH/wstETH,Balancer pufETH/wstETH,18,273255719472793459516,0,24
0x9cfb40acedac259b1d23e790f6c6d0c3898361ad,usdc-stk,usdc-vault,0xA0b86991c6218b36c1d19D4a2e9Eb0cE3606eB48,USDC,USD Coin,6,17254654745,0.017,23
0xb15ad6113264094fd9bf2238729410a07ebe5aba,afrxETH,AladdinETH: ETH/frxETH,0xf43211935C781D5ca1a41d2041F397B8A7366C7A,frxETHCRV,Curve.fi ETH/frxETH,18,75064024597801705533,0,23
0x4f460bb11cf958606c69a963b4a17f9daeeea8b6,fxUSDC,f(x) Protocol Morpho USDC,0xA0b86991c6218b36c1d19D4a2e9Eb0cE3606eB48,USDC,USD Coin,6,630185399543,0.631,22
0xf1617882a71467534d14eee865922de1395c9e89,saETH,saETH,0xFC87753Df5Ef5C368b5FBA8D4C5043b77e8C5b39,aETH,Aspida Ether,18,2704354181835478082882,0,22
0x3eba2358544fd71d62141dda9d23839603b6d7d0,sUSDTNUKEM,Tether USD/NUKEM Staked,0xdAC17F958D2ee523a2206206994597C13D831ec7,USDT,Tether USD,6,824833049,0,21
0xe2fdf0526629d85b719dcbc6efe833b1b5b3cb36,KELP-agg,Kelp aggregator,0xC02aaA39b223FE8D0A0e5C4F27eAD9083C756Cc2,WETH,Wrapped Ether,18,112217264170427071845,0.335,20
0xebfa750279defa89b8d99bdd145a016f6292757b,gtUSDCmkr,Gauntlet MKR Blended,0xA0b86991c6218b36c1d19D4a2e9Eb0cE3606eB48,USDC,USD Coin,6,40971242662,0.041,20
0x36f8d0d0573ae92326827c4a82fe4ce4c244cab6,maDAI,Morpho-Aave Dai Stablecoin Supply Vault,0x6B175474E89094C44Da98b954EedeAC495271d0F,DAI,Dai Stablecoin,18,581231352720364357537005,0.582,20
0xdaf03d70fe637b91ba6e521a32e1fb39256d3ec9,aFXS,Aladdin cvxFXS/FXS,0xFEEf77d3f69374f66429C91d732A244f074bdf74,cvxFXS,Convex FXS,18,52470940524361984525296,0,20
0x3b022edecd65b63288704a6fa33a8b9185b5096b,ampr-LP-USD,Amphor Synthetic LP-IL Hedged (USDC),0xA0b86991c6218b36c1d19D4a2e9Eb0cE3606eB48,USDC,USD Coin,6,29074393744,0.029,20
0x4e39ceae6e771605ddd7d1121f3320f7a2319318,avWBTC-1,Arch Vault WBTC 1,0x2260FAC5E5542a773Aa44fBCfeDf7C193bc2C599,WBTC,Wrapped BTC,8,456993923,0,19
0x3daaadae6bbcc47c4fdf6a72bf8ee5688362fe66,KPT-sw2Rsweth-25JUL2024,Karak - PT Swell L2 Deposit RswETH 25JUL2024,0x0a0E172511114456EC63A85FF32E45C5e0E27D63,PT-sw2Rsweth-25JUL2024,PT Swell L2 Deposit RswETH 25JUL2024,18,1451167222695174737222,0,19
0xfc287513e2dd58fbf952eb0ed05d511591a6215b,sbWETH,sBlur,0xC02aaA39b223FE8D0A0e5C4F27eAD9083C756Cc2,WETH,Wrapped Ether,18,125207905112456774186,0.373,19
0x7578f31cc44fdf2f123a6f84c42f702f9c990091,fcrvUSD(yvCurve-USDC-crvUSD-f)-1,Sturdy Interest Bearing crvUSD (Curve USDC-crvUSD Factory yVault) - 1,0xf939E0A03FB07F59A73314E73794Be0E57ac1b4E,crvUSD,Curve.Fi USD Stablecoin,18,671757749123095501620893,0.67,19
0x7fd8af959b54a677a1d8f92265bd0714274c56a3,yG-yvCurve-YFIETH,yGauge Curve YFI-ETH Pool yVault,0x790a60024bC3aea28385b60480f15a0771f26D09,yvCurve-YFIETH,Curve YFI-ETH Pool yVault,18,127712522816576223929,0,19
0x6311ff24fb15310ed3d2180d3d0507a21a8e5227,yscrvUSD,Sturdy crvUSD/yean curve USDC-crvUSD LP silo,0xf939E0A03FB07F59A73314E73794Be0E57ac1b4E,crvUSD,Curve.Fi USD Stablecoin,18,670785544982338079950665,0.67,18
0x26fe402a57d52c8a323bb6e09f06489c8216ac88,yscrvUSD,Sturdy crvUSD/yean curve USDT-crvUSD LP silo,0xf939E0A03FB07F59A73314E73794Be0E57ac1b4E,crvUSD,Curve.Fi USD Stablecoin,18,939538422580985186936068,0.938,18
0x6ce9c05e159f8c4910490d8e8f7a63e95e6cecaf,pop-DAI,Popcorn Dai Stablecoin Vault,0x6B175474E89094C44Da98b954EedeAC495271d0F,DAI,Dai Stablecoin,18,136117999492219935958893,0.136,18
0x197f58de2559097d956b4192e8f89a2f36190a48,vcIdlJ-DAI,VaultCraft Idle Junior Dai Stablecoin Adapter,0x6B175474E89094C44Da98b954EedeAC495271d0F,DAI,Dai Stablecoin,18,136117999492219935958894,0.136,18
0x5ef17ee66a64fd5b394362d98f51ba155aece9ce,,,0x7f39C581F595B53c5cb19bD0b3f8dA6c935E2Ca0,wstETH,Wrapped liquid staked Ether 2.0,18,2102922318521881427,0.007,18
0x288528ed85ebebea91e2dc94654937644c58f5f7,xAPE,X Ape,0x4d224452801ACEd8B2F0aebE155379bb5D594381,APE,ApeCoin,18,32966121957981430717995,0.023,18
0x1196b60c9cefbf02c9a3960883213f47257becdb,AffineStEthLev,Affine Staked Eth Leverage,0xC02aaA39b223FE8D0A0e5C4F27eAD9083C756Cc2,WETH,Wrapped Ether,18,0,0,17
0x28bba0e8f1201f14bccf31c37904a25629097966,fcrvUSD(yvCurve-USDT-crvUSD-f)-4,Sturdy Interest Bearing crvUSD (Curve USDT-crvUSD Factory yVault) - 4,0xf939E0A03FB07F59A73314E73794Be0E57ac1b4E,crvUSD,Curve.Fi USD Stablecoin,18,941508925396048250582553,0.94,17
0x200723063111f9f8f1d44c0f30afadf0c0b1a04b,yscrvUSD,Sturdy crvUSD/yean curve mkUSD-crvUSD LP silo,0xf939E0A03FB07F59A73314E73794Be0E57ac1b4E,crvUSD,Curve.Fi USD Stablecoin,18,69750524923512162388562,0.07,16
0x06c03069de266f58d10a0724a4f65c3d4fefff4d,sw-amphrETH,Spectra ERC4626 Wrapper: Amphor Restaked ETH,0x7f39C581F595B53c5cb19bD0b3f8dA6c935E2Ca0,wstETH,Wrapped liquid staked Ether 2.0,18,115996715326729676141,0.405,16
0xf35b31b941d94b249eaded041db1b05b7097feb6,mAPE,magicAPE,0x4d224452801ACEd8B2F0aebE155379bb5D594381,APE,ApeCoin,18,23758430865150503126996,0.017,16
0x9b0afda3acaf3bfa3e49cb0af1fc0375df290b99,fcrvUSD(yvCurve-mkUSD-crvUSD-f)-2,Sturdy Interest Bearing crvUSD (Curve mkUSD-crvUSD Factory yVault) - 2,0xf939E0A03FB07F59A73314E73794Be0E57ac1b4E,crvUSD,Curve.Fi USD Stablecoin,18,69822853082707853345596,0.07,16
0x188ca46aa2c7ae10c14a931512b62991d5901453,tWAR,Tholgar Warlord Token,0xa8258deE2a677874a48F5320670A869D74f0cbC1,WAR,Warlord token,18,136965424937448362361,0,16
0xb3c8cc0f433200c3a92664a5fea626ed077e9d39,aura2BTC-vault,2BTC Aura Deposit Vault,0xe4e72f872c4048925a78E1e6Fddac411C9ae348A,2BTC,2BTC,18,15280550276376403454,0,16
0xa8c3fc43fa3992b315b8a63fe87386211f220669,ebPointFarm,Ebisu Point Farm,0xbf5495Efe5DB9ce00f80364C8B423567e58d2110,ezETH,Renzo Restaked ETH,18,615000382913925535,0.002,16
0x5bdd1fa233843bfc034891be8a6769e58f1e1346,sdgnETH,Staked Degen ETH,0x005F893EcD7bF9667195642f7649DA8163e23658,dgnETH,Degen ETH,18,42953515075237780443,0,16
0x91603c7fb539f2da2da93ba6bec696a47e46bba2,yv-ajna-wsteth-weth,Yearn-Ajna Pool wstETH/WETH Vault,0xC02aaA39b223FE8D0A0e5C4F27eAD9083C756Cc2,WETH,Wrapped Ether,18,215811581974764899865,0.644,16
0x90b28aa7df2efaaad4582afaf4d2a1c61519a245,ysyG-yvDAI-1-gauge,Wrapped YearnV3 Strategy Cove Rewards Gauge,0x28b2DC219c047B10F353caA2934ad8803e089A88,ysyG-yvDAI-1,Wrapped YearnV3 Strategy,18,147313030669269312356689,0,15
0x28b2dc219c047b10f353caa2934ad8803e089a88,ysyG-yvDAI-1,Wrapped YearnV3 Strategy,0x128e72DfD8b00cbF9d12cB75E846AC87B83DdFc9,yG-yvDAI-1,yGauge DAI-1 yVault,18,148713544918697150313570,0,15
0xcdc51f2b0e5f0906f2fd5f557de49d99c34df54e,amprETH,Amphor Yield Aggregator (WETH),0xC02aaA39b223FE8D0A0e5C4F27eAD9083C756Cc2,WETH,Wrapped Ether,18,2899208424376616111003,8.648,15
0xff8b9980fda386cafaafab472963c4cb5fb8c412,yv-ajna-xeth-weth,Yearn-Ajna Pool xETH/WETH Vault,0xC02aaA39b223FE8D0A0e5C4F27eAD9083C756Cc2,WETH,Wrapped Ether,18,2346897005895916955,0.007,14
0x3927c4ad1d63bf9629fdae1318aa31df9135f544,ysDAI,DAI-Ajna Router,0x6B175474E89094C44Da98b954EedeAC495271d0F,DAI,Dai Stablecoin,18,1504398180302647841247085,1.506,14
0xe0e07f5b5b11892744330294edc5c828cbe8d964,KPT-rsETH-26SEP2024,Karak - PT Kelp rsETH 26SEP2024,0x7bAf258049cc8B9A78097723dc19a8b103D4098F,PT-rsETH-26SEP2024,PT Kelp rsETH 26SEP2024,18,14051952663233581846949,0,14
0x5ff1ba7273968c4a166ca99d79df9f9ad712091b,yv-ajna-cseth-weth,Yearn-Ajna Pool csETH/WETH Vault,0xC02aaA39b223FE8D0A0e5C4F27eAD9083C756Cc2,WETH,Wrapped Ether,18,159802503634049072,0,14
0x032b676d5d55e8ecbae88ebee0aa10fb5f72f6cb,aurawstETH-rETH-sfrxETH-BPT-vault,wstETH-rETH-sfrxETH-BPT Aura Deposit Vault,0x42ED016F826165C2e5976fe5bC3df540C5aD0Af7,wstETH-rETH-sfrxETH-BPT,wstETH-rETH-sfrxETH-BPT,18,1997840829276794995776,0,14
0x1fd862499e9b9402de6c599b6c391f83981180ab,ysDAI,Spark DAI Lender,0x6B175474E89094C44Da98b954EedeAC495271d0F,DAI,Dai Stablecoin,18,17370066388837434058532,0.017,14
0xd4626ad49523d1d31b984bb0f7c56e392e4fb8b0,vdpufETH,Puffer ETH Restaking Fund I (3x Points)-Vault,0xD9A442856C234a39a81a089C06451EBAa4306a72,pufETH,pufETH,18,19900000000000000,0,13
0xaf299f58d53a961aaaa0ac48a0fdf60dca07c06c,,,0xD60EeA80C83779a8A5BFCDAc1F3323548e6BB62d,ShezUSD,ShezmuUSD,18,31184301798721550651970,0,13
0x221042c39efffcff8fad051032fef583019f165f,ebPointFarm,Ebisu Point Farm,0xCd5fE23C85820F7B72D0926FC9b05b43E359b7ee,weETH,Wrapped eETH,18,9031581230004192764,0.028,13
0x78bb3aec3d855431bd9289fd98da13f9ebb7ef15,fFRAX(sfrxETH)-16,Fraxlend Interest Bearing FRAX (Staked Frax Ether) - 16,0x853d955aCEf822Db058eb8505911ED77F175b99e,FRAX,Frax,18,69570845781297264880733403,69.406,13
0x4d2f44b0369f3c20c3d670d2c26b048985598450,cvCRV,Curve Vault for CRV,0xD533a949740bb3306d119CC777fa900bA034cd52,CRV,Curve DAO Token,18,16821192370740202260953,0,13
0x945f0cf0ddb3a20a4737d3e1f3ca43de9c185440,aPT-ezETH,Adapter PT Renzo ezETH,0xbf5495Efe5DB9ce00f80364C8B423567e58d2110,ezETH,Renzo Restaked ETH,18,1536455590907186347,0.005,13
0x0adc69041a2b086f8772acce2a754f410f211bed,saEthUSDC,Static Aave Ethereum USDC,0xA0b86991c6218b36c1d19D4a2e9Eb0cE3606eB48,USDC,USD Coin,6,5540075281882,5.543,12
0xfe08fc631be2da2b47aa6adba275adab2197c0cd,ysyG-lp-yCRVv2,Wrapped YearnV3 Strategy,0x107717C98C8125A94D3d2Cc82b86a1b705f3A27C,yG-lp-yCRVv2,yGauge LP Yearn CRV Vault v2,18,87685241306147235644053,0,12
0xbf319ddc2edc1eb6fdf9910e39b37be221c8805f,yvcrvUSD-2,crvUSD-2 yVault,0xf939E0A03FB07F59A73314E73794Be0E57ac1b4E,crvUSD,Curve.Fi USD Stablecoin,18,348314314800519564884399,0.348,12
0x51e0f3da45ef8388fcd5f69a185da4aec931a538,K-mwBETH,Karak - mwBETH,0xE46a5E19B19711332e33F33c2DB3eA143e86Bc10,mwBETH,mwBETH,18,312795556498591437368,0,12
0x288991c055f94e9a0dcf0ad08ee3496e96e68142,ysWETH,stETH accumulator,0xC02aaA39b223FE8D0A0e5C4F27eAD9083C756Cc2,WETH,Wrapped Ether,18,81416517328511908613,0.243,12
0x27ffa71dbb25a7c52a3da74c6eed8c94c9a43e0d,yscrvUSD,Aave V3 crvUSD Lender,0xf939E0A03FB07F59A73314E73794Be0E57ac1b4E,crvUSD,Curve.Fi USD Stablecoin,18,173992102903074575546522,0.174,12
0xbeef094333aedd535c130958c204e84f681fd9fa,steakWBTC,Steakhouse WBTC,0x2260FAC5E5542a773Aa44fBCfeDf7C193bc2C599,WBTC,Wrapped BTC,8,693147632,0,12
0x7633d0bbde67553c582bf241bf8cb22895610b94,auravETH/wstETH-vault,Balancer vETH/wstETH StablePool Aura Deposit Vault,0xD3F8AB9C5928FDf53153e7757131aD7815fe3146,vETH/wstETH,Balancer vETH/wstETH StablePool,18,13754159842547155157,0,12
0x2a14db8d09db0542f6a371c0cb308a768227d67d,aurawstETH-WETH-BPT-vault,Balancer wstETH-WETH Stable Pool Aura Deposit Vault,0x93d199263632a4EF4Bb438F1feB99e57b4b5f0BD,wstETH-WETH-BPT,Balancer wstETH-WETH Stable Pool,18,3440828811861884632807,0,12
0x549fad7794d331ea0e1675cd7e60ce6931914457,fcrvCVXETH,FARM_crvCVXETH,0x3A283D9c08E8b55966afb64C515f5143cf907611,crvCVXETH,Curve CVX-ETH,18,640835411803575725274,0,12
0x2bcc065433c608b2e71ea80405e260ca9b40ff65,ysyG-lp-yCRVv2-gauge,Wrapped YearnV3 Strategy Cove Rewards Gauge,0xfe08Fc631BE2DA2B47aa6adBA275ADAB2197C0cd,ysyG-lp-yCRVv2,Wrapped YearnV3 Strategy,18,85580047955964100038362,0,12
0xe7e1043ea932dbaa7de79450824a92f40481c82b,yv-ajna-mpeth-weth,Yearn-Ajna Pool mpETH/WETH Vault,0xC02aaA39b223FE8D0A0e5C4F27eAD9083C756Cc2,WETH,Wrapped Ether,18,193940462280642350,0.001,11
0xaf7abaa64dcb57a477f61b09102d2570a38c6df3,aurasvETH/wstETH-vault,Balancer svETH/wstETH StablePool Aura Deposit Vault,0xdEdb11A6a23263469567C2881A9b9F8629eE0041,svETH/wstETH,Balancer svETH/wstETH StablePool,18,83255080813931819115,0,11
0x5b8432fc269b818c86a586f5658921dc43c6106b,xCROC-lp,CROC LP Vault,0x6B268960693359F8c64E043D72ce7580867521B2,UNI-V2,Uniswap V2,18,3901305406987554236137,0,11
0xf4e7ff66fd3d1c33b3020ffa575c33cb2968082d,ysyG-lp-yPRISMA-gauge,Wrapped YearnV3 Strategy Cove Rewards Gauge,0x6568921f9059B6b8a3902651783A7A0E74Ca83fF,ysyG-lp-yPRISMA,Wrapped YearnV3 Strategy,18,199439808730711298418865,0,11
0x6568921f9059b6b8a3902651783a7a0e74ca83ff,ysyG-lp-yPRISMA,Wrapped YearnV3 Strategy,0x6130E6cD924a40b24703407F246966D7435D4998,yG-lp-yPRISMA,yGauge LP Yearn PRISMA Vault,18,224088141400340457863128,0,11
0xe9d33286f0e37f517b1204aa6da085564414996d,MPL-aqUSDC1,AQRU Maple Pool USDC1,0xA0b86991c6218b36c1d19D4a2e9Eb0cE3606eB48,USDC,USD Coin,6,22852526603791,22.865,11
0x10b23f79e4a72807c3aef82077ca61eaa55e40d7,KPT-weETH-26SEP2024,Karak - PT ether.fi weETH 26SEP2024,0x1c085195437738d73d75DC64bC5A3E098b7f93b1,PT-weETH-26SEP2024,PT ether.fi weETH 26SEP2024,18,2223179963385447998872,0,11
0xe21d736824f54b1bcbdb1221e776cb5cf0f7361f,USDTNUKEM,Tether USD/NUKEM Collateral,0x51015f4FeFE3366c6F62539140149F8088888888,NUKEM,NUKEM,9,6650000000000000000,0,11
0x3a2776ff8e1de8bd3d9a4af0afc8ea8cba1b68fb,vENDR,EnderVault,0x7ED0a51F8E34E2DD0B2A6BE29115b8cdEa3e679b,ENDR,Ender,9,49886508357000000,0,11
0x1204f5060be8b716f5a62b4df4ce32acd01a69f5,aura50WETH-50AURA-vault,50WETH-50AURA Aura Deposit Vault,0xCfCA23cA9CA720B6E98E3Eb9B6aa0fFC4a5C08B9,50WETH-50AURA,50WETH-50AURA,18,79831487001602678505066,0,11
0x0d00848440d2e2b3c6f288128c1a19c483e78f45,auraBAL-20WETH-80VCX-vault,Balancer 20 WETH 80 VCX Aura Deposit Vault,0x577A7f7EE659Aa14Dc16FD384B3F8078E23F1920,BAL-20WETH-80VCX,Balancer 20 WETH 80 VCX,18,1157983334438143317685452,0,11
0x2fdd4d24392e33ad92874208b2fad2cb1a263c4b,liqBUNNI-LP-vault,Bunni pxETH/WETH LP Liquis Deposit Vault,0x5D5bc446C70b07FA7fE53b3AFD58081831A0712A,BUNNI-LP,Bunni pxETH/WETH LP,18,3098443702685334295749,0,11
