contract_address,event_count
0xd9a442856c234a39a81a089c06451ebaa4306a72,66873
0x61dc14b28d4dbcd6cf887e9b72018b9da1ce6ff7,32998
0xea1a6307d9b18f8d1cbf1c3dd6aad8416c06a221,26633
0xf96798f49936efb1a56f99ceae924b6b8359affb,23636
0x68754d29f2e97b837cb622ccff325adac27e9977,16161
0x9d39a5de30e57443bff2a8307a4256c8797a3497,12901
0xc585df3a8c9ca0c614d023a812624be36161502b,6383
0x1b4d88f5f38988bea334c79f48aa69beeefe2e1e,6138
0x83f20f44975d03b1b09e64809b757c47f942beea,5297
0x2dabcea55a12d73191aece59f508b191fb68adac,4590
0xbe3ca34d0e877a1fc889bd5231d65477779aff4e,2745
0x6928e5947e5a9e8e57da66121037c7e8da3a5b30,1472
0xe4a8b89ba73517c83c4e3e6b3e2e8c5c536d2085,1457
0x996d67aa9b37df96428ad3608cb21352bf1fdb90,1457
0xac3e018457b222d93114458476f3e3416abbe38f,1439
0x9a23e79a8e6d77f940f2c30eb3d9282af2e4036c,1252
0xda0002859b2d05f66a753d8241fcde8623f26f4f,1167
0xde5bff0755f192c333b126a449ff944ee2b69681,933
0xcea18a8752bb7e7817f9ae7565328fe415c0f2ca,795
0x9fb7b4477576fe5b32be4c1843afb1e55f251b33,746
0x126d4dbf752aaf61f3eaada24ab0db84fecf6891,732
0xda00000035fef4082f78def6a8903bee419fbf8e,704
0x90551c1795392094fe6d29b758eccd233cfaa260,681
0x5c20b550819128074fd538edf79791733ccedd18,645
0x000000000077ee1fcfe351df1ff22736e995806b,641
0xa663b02cf0a4b149d2ad41910cb81e23e1c41c32,620
0x2411802d8bea09be0af8fd8d08314a63e706b29c,553
0xfc1db08622e81b2afd643318f6b8b79e9980a5e1,545
0x8668a15b7b023dc77b372a740fcb8939e15257cf,501
0x86862445f58f50382c421a7bcecbcd971cc25367,461
0x2e9045e7c001056cbcf5ed837f96a8630075a04d,453
0xe24ba27551abe96ca401d39761ca2319ea14e3cb,366
0x815c23eca83261b6ec689b60cc4a58b54bc24d8d,354
0x4881ef0bf6d2365d3dd6499ccd7532bcdbce0658,349
0x78fc2c2ed1a4cdb5402365934ae5648adad094d0,340
0x528190e5169ddd5ff72c40cea6d8ba37613143ac,339
0xdef3aa48bad043e53207d359dcdfde46f50b6c02,324
0x43e54c2e7b3e294de3a155785f52ab49d87b9922,311
0x686e8500b6be8812eb198aabbbfa14c95c03fc88,303
0xbeef01735c132ada46aa9aa4c54623caa92a64cb,299
0xa3726bedfd1a8aa696b9b4581277240028c4314b,291
0x0022228a2cc5e7ef0274a7baa600d44da5ab5776,277
0x3835a58ca93cdb5f912519ad366826ac9a752510,277
0x38ca226e5ac5c96fd9b1f1abcad65613e2108d3e,275
0xa0d3707c569ff8c87fa923d3823ec5d81c98be78,274
0x7c22725d1e0871f0043397c9761ad99a86ffd498,261
0x989ab830c6e2bdf3f28214ff54c9b7415c349a3f,242
0x0d53bc2ba508dfdf47084d511f13bb2eb3f8317b,215
0x9ba021b0a9b958b5e75ce9f6dff97c7ee52cb3e6,212
0xa0882c2d5df29233a092d2887a258c2b90e9b994,208
0x36c2aa2830276b65b12e065aefacaade83ef4b29,208
0xa92b60b8efe9ac06ed65980a6d43e3f488a7f7bb,206
0x05a811275fe9b4de503b3311f51edf6a856d936e,206
0x547213367cfb08ab418e7b54d7883b2c2aa27fd7,188
0x2b95a1dcc3d405535f9ed33c219ab38e8d7e0884,174
0x06470d528296bdcf5126de1cd342d1fa191103dc,166
0xbe53a109b494e5c9f97b9cd39fe969be68bf6204,164
0x38989bba00bdf8181f4082995b3deae96163ac5d,162
0x8eb67a509616cd6a7c1b3c8c21d48ff57df3d458,158
0x397b8c79bca182e25474ea46051a2b460c0985bc,156
0x5ae28c9197a4a6570216fc7e53e7e0221d7a0fef,154
0xfd6db5011b171b05e1ea3b92f9eacaeeb055e971,149
0x1751e1e4d2c9fa99479c0c5574136f0dbd8f3eb8,148
0x622fa41799406b120f9a40da843d358b7b2cfee3,140
0x7586c58bf6292b3c9defc8333fc757d6c5da0f7e,137
0x80ac24aa929eaf5013f6436cda2a7ba190f5cc0b,136
0xfaa2ed111b4f580fcb85c48e6dc6782dc5fcd7a6,133
0xd759e176def0f14e5c2d300238d41b1cbb5585bf,132
0x028ec7330ff87667b6dfb0d94b954c820195336c,132
0x95eef579155cd2c5510f312c8fa39208c3be01a8,129
0x89d80f5e9bc88d8021b352064ae73f0eaf79ebd8,123
0x2c25f6c25770ffec5959d34b94bf898865e5d6b1,120
0x3d9ebe3161778c4831f6f7a6d9263f031285f976,120
0x2371e134e3455e0593363cbf89d3b6cf53740618,120
0x67315dd969b8cd3a3520c245837bf71f54579c75,119
0xff467c6e827ebbea64da1ab0425021e6c89fbe0d,118
0xdd0f28e19c1780eb6396170735d45153d261490d,110
0x05dcdbf02f29239d1f8d9797e22589a2de1c152f,110
0x503e0bab6acdae73ea7fb7cf6ae5792014dbe935,108
0x8fb1c7aedcbbc1222325c39dd5c1d2d23420cae3,106
0xcf1110bca74890eae1aad534ec3a03f16956ebeb,105
0x99a53fab6fbd1eacb59ae998da2dbf130be94c38,102
0x7bdd71e46d602916c065b027028df686a27d5cb2,102
0x6557e7f2d3a0ecb3468b5601a8e1b6c0cd6e910d,101
0x125d41a6e5dbf455cd9df8f80bcc6fd172d52cc6,100
0xc56413869c6cdf96496f2b1ef801fedbdfa7ddb0,98
0x8659fc767cad6005de79af65dafe4249c57927af,96
0x4ca0e178c94f039d7f202e09d8d1a655ed3fb6b6,96
0xc7372ab5dd315606db799246e8aa112405abaeff,94
0x06824c27c8a0dbde5f72f770ec82e3c0fd4dcec3,93
0x3808708e761b988d23ae011ed0e12674fb66bd62,93
0xbeef050ecd6a16c4e7bffbb52ebba7846c4b8cd4,92
0x004626a008b1acdc4c74ab51644093b155e59a23,90
0xfb79e8fa6d436b0ce3629cb6858bb1755206e3fd,87
0x128e72dfd8b00cbf9d12cb75e846ac87b83ddfc9,86
0xb5b29320d2dde5ba5bafa1ebcd270052070483ec,86
0xfa35d1f603384e8fcfcbff3e610935d02922544e,86
0xede905b2732ffcb73b95f5facb2a0f241b30bd50,85
0xe1a3864dbf62fb94834b108ff6bf439ce70183ac,85
0x11aae8bee9b1da827c641540d20e4e664677e06f,85
